y,ds
434.33,2016-01-01
433.44,2016-01-02
430.01,2016-01-03
433.09,2016-01-04
431.96,2016-01-05
429.11,2016-01-06
458.05,2016-01-07
453.23,2016-01-08
447.61,2016-01-09
447.99,2016-01-10
448.43,2016-01-11
435.69,2016-01-12
432.37,2016-01-13
430.31,2016-01-14
364.33,2016-01-15
387.54,2016-01-16
382.3,2016-01-17
387.17,2016-01-18
380.15,2016-01-19
420.23,2016-01-20
410.26,2016-01-21
382.49,2016-01-22
387.49,2016-01-23
402.97,2016-01-24
391.73,2016-01-25
392.15,2016-01-26
394.97,2016-01-27
380.29,2016-01-28
379.47,2016-01-29
378.26,2016-01-30
368.77,2016-01-31
373.06,2016-02-01
374.45,2016-02-02
369.95,2016-02-03
389.59,2016-02-04
386.55,2016-02-05
376.52,2016-02-06
376.62,2016-02-07
373.45,2016-02-08
376.03,2016-02-09
381.65,2016-02-10
379.65,2016-02-11
384.26,2016-02-12
391.86,2016-02-13
407.23,2016-02-14
400.18,2016-02-15
407.49,2016-02-16
416.32,2016-02-17
422.37,2016-02-18
420.79,2016-02-19
437.16,2016-02-20
438.8,2016-02-21
437.75,2016-02-22
420.74,2016-02-23
424.95,2016-02-24
424.54,2016-02-25
432.15,2016-02-26
432.52,2016-02-27
433.5,2016-02-28
437.7,2016-02-29
435.12,2016-03-01
423.99,2016-03-02
421.65,2016-03-03
410.94,2016-03-04
400.57,2016-03-05
407.71,2016-03-06
414.32,2016-03-07
413.97,2016-03-08
414.86,2016-03-09
417.13,2016-03-10
421.69,2016-03-11
411.62,2016-03-12
414.07,2016-03-13
416.44,2016-03-14
416.83,2016-03-15
417.01,2016-03-16
420.62,2016-03-17
409.55,2016-03-18
410.44,2016-03-19
413.76,2016-03-20
413.31,2016-03-21
418.09,2016-03-22
418.04,2016-03-23
416.39,2016-03-24
417.18,2016-03-25
417.95,2016-03-26
426.77,2016-03-27
424.23,2016-03-28
416.52,2016-03-29
414.82,2016-03-30
416.73,2016-03-31
417.96,2016-04-01
420.87,2016-04-02
420.9,2016-04-03
421.44,2016-04-04
424.03,2016-04-05
423.41,2016-04-06
422.74,2016-04-07
420.35,2016-04-08
419.41,2016-04-09
421.56,2016-04-10
422.48,2016-04-11
425.19,2016-04-12
423.73,2016-04-13
424.28,2016-04-14
429.71,2016-04-15
430.57,2016-04-16
427.4,2016-04-17
428.59,2016-04-18
435.51,2016-04-19
441.39,2016-04-20
449.42,2016-04-21
445.74,2016-04-22
450.28,2016-04-23
458.55,2016-04-24
461.43,2016-04-25
466.09,2016-04-26
444.69,2016-04-27
449.01,2016-04-28
455.1,2016-04-29
448.32,2016-04-30
451.88,2016-05-01
444.67,2016-05-02
450.3,2016-05-03
446.72,2016-05-04
447.98,2016-05-05
459.6,2016-05-06
458.54,2016-05-07
458.55,2016-05-08
460.48,2016-05-09
450.89,2016-05-10
452.73,2016-05-11
454.77,2016-05-12
455.67,2016-05-13
455.67,2016-05-14
457.57,2016-05-15
454.16,2016-05-16
453.78,2016-05-17
454.62,2016-05-18
438.71,2016-05-19
442.68,2016-05-20
443.19,2016-05-21
439.32,2016-05-22
444.15,2016-05-23
445.98,2016-05-24
449.6,2016-05-25
453.38,2016-05-26
473.46,2016-05-27
530.04,2016-05-28
526.23,2016-05-29
533.86,2016-05-30
531.39,2016-05-31
536.92,2016-06-01
537.97,2016-06-02
569.19,2016-06-03
572.73,2016-06-04
574.98,2016-06-05
585.54,2016-06-06
576.6,2016-06-07
581.65,2016-06-08
574.63,2016-06-09
577.47,2016-06-10
606.73,2016-06-11
672.78,2016-06-12
704.38,2016-06-13
685.56,2016-06-14
694.47,2016-06-15
766.31,2016-06-16
748.91,2016-06-17
756.23,2016-06-18
763.78,2016-06-19
737.23,2016-06-20
666.65,2016-06-21
596.12,2016-06-22
623.98,2016-06-23
665.3,2016-06-24
665.12,2016-06-25
629.37,2016-06-26
655.28,2016-06-27
647,2016-06-28
639.89,2016-06-29
673.34,2016-06-30
676.3,2016-07-01
703.7,2016-07-02
658.66,2016-07-03
683.66,2016-07-04
670.63,2016-07-05
677.33,2016-07-06
640.56,2016-07-07
666.52,2016-07-08
650.96,2016-07-09
649.36,2016-07-10
647.66,2016-07-11
664.55,2016-07-12
654.47,2016-07-13
658.08,2016-07-14
663.26,2016-07-15
660.77,2016-07-16
679.46,2016-07-17
673.11,2016-07-18
672.86,2016-07-19
665.68,2016-07-20
665.01,2016-07-21
650.62,2016-07-22
655.56,2016-07-23
661.28,2016-07-24
654.1,2016-07-25
651.78,2016-07-26
654.35,2016-07-27
655.03,2016-07-28
656.99,2016-07-29
655.05,2016-07-30
624.68,2016-07-31
606.27,2016-08-01
547.47,2016-08-02
566.35,2016-08-03
578.29,2016-08-04
575.04,2016-08-05
587.78,2016-08-06
592.69,2016-08-07
591.05,2016-08-08
587.8,2016-08-09
592.1,2016-08-10
589.12,2016-08-11
587.56,2016-08-12
585.59,2016-08-13
570.47,2016-08-14
567.24,2016-08-15
577.44,2016-08-16
573.22,2016-08-17
574.32,2016-08-18
575.63,2016-08-19
581.7,2016-08-20
581.31,2016-08-21
586.75,2016-08-22
583.41,2016-08-23
580.18,2016-08-24
577.76,2016-08-25
579.65,2016-08-26
569.95,2016-08-27
573.91,2016-08-28
574.11,2016-08-29
577.5,2016-08-30
575.47,2016-08-31
572.3,2016-09-01
575.54,2016-09-02
598.21,2016-09-03
608.63,2016-09-04
606.59,2016-09-05
610.44,2016-09-06
614.54,2016-09-07
626.32,2016-09-08
622.86,2016-09-09
623.51,2016-09-10
606.72,2016-09-11
608.24,2016-09-12
609.24,2016-09-13
610.68,2016-09-14
607.16,2016-09-15
606.97,2016-09-16
605.98,2016-09-17
609.87,2016-09-18
609.23,2016-09-19
608.31,2016-09-20
597.15,2016-09-21
596.3,2016-09-22
602.84,2016-09-23
602.63,2016-09-24
600.83,2016-09-25
608.04,2016-09-26
606.17,2016-09-27
604.73,2016-09-28
605.69,2016-09-29
609.73,2016-09-30
613.98,2016-10-01
610.89,2016-10-02
612.13,2016-10-03
610.2,2016-10-04
612.51,2016-10-05
613.02,2016-10-06
617.12,2016-10-07
619.11,2016-10-08
616.75,2016-10-09
618.99,2016-10-10
641.07,2016-10-11
636.19,2016-10-12
636.79,2016-10-13
640.38,2016-10-14
638.65,2016-10-15
641.63,2016-10-16
639.19,2016-10-17
637.96,2016-10-18
630.52,2016-10-19
630.86,2016-10-20
632.83,2016-10-21
657.29,2016-10-22
657.07,2016-10-23
653.76,2016-10-24
657.59,2016-10-25
678.3,2016-10-26
688.31,2016-10-27
689.65,2016-10-28
714.48,2016-10-29
701.86,2016-10-30
700.97,2016-10-31
729.79,2016-11-01
740.83,2016-11-02
688.7,2016-11-03
703.23,2016-11-04
703.42,2016-11-05
711.52,2016-11-06
703.13,2016-11-07
709.85,2016-11-08
723.27,2016-11-09
715.53,2016-11-10
716.41,2016-11-11
705.05,2016-11-12
702.03,2016-11-13
705.02,2016-11-14
711.62,2016-11-15
744.2,2016-11-16
740.98,2016-11-17
751.59,2016-11-18
751.62,2016-11-19
731.03,2016-11-20
739.25,2016-11-21
751.35,2016-11-22
744.59,2016-11-23
740.29,2016-11-24
741.65,2016-11-25
735.38,2016-11-26
732.03,2016-11-27
735.81,2016-11-28
735.6,2016-11-29
745.69,2016-11-30
756.77,2016-12-01
777.94,2016-12-02
771.16,2016-12-03
773.87,2016-12-04
758.7,2016-12-05
764.22,2016-12-06
768.13,2016-12-07
770.81,2016-12-08
772.79,2016-12-09
774.65,2016-12-10
769.73,2016-12-11
780.09,2016-12-12
780.56,2016-12-13
781.48,2016-12-14
778.09,2016-12-15
784.91,2016-12-16
790.83,2016-12-17
790.53,2016-12-18
792.71,2016-12-19
800.88,2016-12-20
834.28,2016-12-21
864.54,2016-12-22
921.98,2016-12-23
898.82,2016-12-24
896.18,2016-12-25
907.61,2016-12-26
933.2,2016-12-27
975.92,2016-12-28
973.5,2016-12-29
961.24,2016-12-30
963.74,2016-12-31
998.33,2017-01-01
1021.75,2017-01-02
1043.84,2017-01-03
1154.73,2017-01-04
1013.38,2017-01-05
902.2,2017-01-06
908.59,2017-01-07
911.2,2017-01-08
902.83,2017-01-09
907.68,2017-01-10
777.76,2017-01-11
804.83,2017-01-12
823.98,2017-01-13
818.41,2017-01-14
821.8,2017-01-15
831.53,2017-01-16
907.94,2017-01-17
886.62,2017-01-18
899.07,2017-01-19
895.03,2017-01-20
921.79,2017-01-21
924.67,2017-01-22
921.01,2017-01-23
892.69,2017-01-24
901.54,2017-01-25
917.59,2017-01-26
919.75,2017-01-27
921.59,2017-01-28
919.5,2017-01-29
920.38,2017-01-30
970.4,2017-01-31
989.02,2017-02-01
1011.8,2017-02-02
1029.91,2017-02-03
1042.9,2017-02-04
1027.34,2017-02-05
1038.15,2017-02-06
1061.35,2017-02-07
1063.07,2017-02-08
994.38,2017-02-09
988.67,2017-02-10
1004.45,2017-02-11
999.18,2017-02-12
990.64,2017-02-13
1004.55,2017-02-14
1007.48,2017-02-15
1027.44,2017-02-16
1046.21,2017-02-17
1054.42,2017-02-18
1047.87,2017-02-19
1079.98,2017-02-20
1115.3,2017-02-21
1117.44,2017-02-22
1166.72,2017-02-23
1173.68,2017-02-24
1143.84,2017-02-25
1165.2,2017-02-26
1179.97,2017-02-27
1179.97,2017-02-28
1222.5,2017-03-01
1251.01,2017-03-02
1274.99,2017-03-03
1255.15,2017-03-04
1267.12,2017-03-05
1272.83,2017-03-06
1223.54,2017-03-07
1150,2017-03-08
1188.49,2017-03-09
1116.72,2017-03-10
1175.83,2017-03-11
1221.38,2017-03-12
1231.92,2017-03-13
1240,2017-03-14
1249.61,2017-03-15
1187.81,2017-03-16
1100.23,2017-03-17
973.82,2017-03-18
1036.74,2017-03-19
1054.23,2017-03-20
1120.54,2017-03-21
1049.14,2017-03-22
1038.59,2017-03-23
937.52,2017-03-24
972.78,2017-03-25
966.72,2017-03-26
1045.77,2017-03-27
1047.15,2017-03-28
1039.97,2017-03-29
1026.43,2017-03-30
1071.79,2017-03-31
1080.5,2017-04-01
1102.17,2017-04-02
1143.81,2017-04-03
1133.25,2017-04-04
1124.78,2017-04-05
1182.68,2017-04-06
1176.9,2017-04-07
1175.95,2017-04-08
1187.87,2017-04-09
1187.13,2017-04-10
1205.01,2017-04-11
1200.37,2017-04-12
1169.28,2017-04-13
1167.54,2017-04-14
1172.52,2017-04-15
1182.94,2017-04-16
1193.91,2017-04-17
1211.67,2017-04-18
1210.29,2017-04-19
1229.08,2017-04-20
1222.05,2017-04-21
1231.71,2017-04-22
1207.21,2017-04-23
1250.15,2017-04-24
1265.49,2017-04-25
1281.08,2017-04-26
1317.73,2017-04-27
1316.48,2017-04-28
1321.79,2017-04-29
1347.89,2017-04-30
1421.6,2017-05-01
1452.82,2017-05-02
1490.09,2017-05-03
1537.67,2017-05-04
1555.45,2017-05-05
1578.8,2017-05-06
1596.71,2017-05-07
1723.35,2017-05-08
1755.36,2017-05-09
1787.13,2017-05-10
1848.57,2017-05-11
1724.24,2017-05-12
1804.91,2017-05-13
1808.91,2017-05-14
1738.43,2017-05-15
1734.45,2017-05-16
1839.09,2017-05-17
1888.65,2017-05-18
1987.71,2017-05-19
2084.73,2017-05-20
2041.2,2017-05-21
2173.4,2017-05-22
2320.42,2017-05-23
2443.64,2017-05-24
2304.98,2017-05-25
2202.42,2017-05-26
2038.87,2017-05-27
2155.8,2017-05-28
2255.61,2017-05-29
2175.47,2017-05-30
2286.41,2017-05-31
2407.88,2017-06-01
2488.55,2017-06-02
2515.35,2017-06-03
2511.81,2017-06-04
2686.81,2017-06-05
2863.2,2017-06-06
2732.16,2017-06-07
2805.62,2017-06-08
2823.81,2017-06-09
2947.71,2017-06-10
2958.11,2017-06-11
2659.63,2017-06-12
2717.02,2017-06-13
2506.37,2017-06-14
2464.58,2017-06-15
2518.56,2017-06-16
2655.88,2017-06-17
2548.29,2017-06-18
2589.6,2017-06-19
2721.79,2017-06-20
2689.1,2017-06-21
2705.41,2017-06-22
2744.91,2017-06-23
2608.72,2017-06-24
2589.41,2017-06-25
2478.45,2017-06-26
2552.45,2017-06-27
2574.79,2017-06-28
2539.32,2017-06-29
2480.84,2017-06-30
2434.55,2017-07-01
2506.47,2017-07-02
2564.06,2017-07-03
2601.64,2017-07-04
2601.99,2017-07-05
2608.56,2017-07-06
2518.66,2017-07-07
2571.34,2017-07-08
2518.44,2017-07-09
2372.56,2017-07-10
2337.79,2017-07-11
2398.84,2017-07-12
2357.9,2017-07-13
2233.34,2017-07-14
1998.86,2017-07-15
1929.82,2017-07-16
2228.41,2017-07-17
2318.88,2017-07-18
2273.43,2017-07-19
2817.6,2017-07-20
2667.76,2017-07-21
2810.12,2017-07-22
2730.4,2017-07-23
2754.86,2017-07-24
2576.48,2017-07-25
2529.45,2017-07-26
2671.78,2017-07-27
2809.01,2017-07-28
2726.45,2017-07-29
2757.18,2017-07-30
2875.34,2017-07-31
2718.26,2017-08-01
2710.67,2017-08-02
2804.73,2017-08-03
2895.89,2017-08-04
3252.91,2017-08-05
3213.94,2017-08-06
3378.94,2017-08-07
3419.94,2017-08-08
3342.47,2017-08-09
3381.28,2017-08-10
3650.62,2017-08-11
3884.71,2017-08-12
4073.26,2017-08-13
4325.13,2017-08-14
4181.93,2017-08-15
4376.63,2017-08-16
4331.69,2017-08-17
4160.62,2017-08-18
4193.7,2017-08-19
4087.66,2017-08-20
4001.74,2017-08-21
4100.52,2017-08-22
4151.52,2017-08-23
4334.68,2017-08-24
4371.6,2017-08-25
4352.4,2017-08-26
4382.88,2017-08-27
4382.66,2017-08-28
4579.02,2017-08-29
4565.3,2017-08-30
4703.39,2017-08-31
4892.01,2017-09-01
4578.77,2017-09-02
4582.96,2017-09-03
4236.31,2017-09-04
4376.53,2017-09-05
4597.12,2017-09-06
4599.88,2017-09-07
4228.75,2017-09-08
4226.06,2017-09-09
4122.94,2017-09-10
4161.27,2017-09-11
4130.81,2017-09-12
3882.59,2017-09-13
3154.95,2017-09-14
3637.52,2017-09-15
3625.04,2017-09-16
3582.88,2017-09-17
4065.2,2017-09-18
3924.97,2017-09-19
3905.95,2017-09-20
3631.04,2017-09-21
3630.7,2017-09-22
3792.4,2017-09-23
3682.84,2017-09-24
3926.07,2017-09-25
3892.35,2017-09-26
4200.67,2017-09-27
4174.73,2017-09-28
4163.07,2017-09-29
4338.71,2017-09-30
4403.74,2017-10-01
4409.32,2017-10-02
4317.48,2017-10-03
4229.36,2017-10-04
4328.41,2017-10-05
4370.81,2017-10-06
4426.89,2017-10-07
4610.48,2017-10-08
4772.02,2017-10-09
4781.99,2017-10-10
4826.48,2017-10-11
5446.91,2017-10-12
5647.21,2017-10-13
5831.79,2017-10-14
5678.19,2017-10-15
5725.59,2017-10-16
5605.51,2017-10-17
5590.69,2017-10-18
5708.52,2017-10-19
6011.45,2017-10-20
6031.6,2017-10-21
6008.42,2017-10-22
5930.32,2017-10-23
5526.64,2017-10-24
5750.8,2017-10-25
5904.83,2017-10-26
5780.9,2017-10-27
5753.09,2017-10-28
6153.85,2017-10-29
6130.53,2017-10-30
6468.4,2017-10-31
6767.31,2017-11-01
7078.5,2017-11-02
7207.76,2017-11-03
7379.95,2017-11-04
7407.41,2017-11-05
7022.76,2017-11-06
7144.38,2017-11-07
7459.69,2017-11-08
7143.58,2017-11-09
6618.14,2017-11-10
6357.6,2017-11-11
5950.07,2017-11-12
6559.49,2017-11-13
6635.75,2017-11-14
7315.54,2017-11-15
7871.69,2017-11-16
7708.99,2017-11-17
7790.15,2017-11-18
8036.49,2017-11-19
8200.64,2017-11-20
8071.26,2017-11-21
8253.55,2017-11-22
8038.77,2017-11-23
8253.69,2017-11-24
8790.92,2017-11-25
9330.55,2017-11-26
9818.35,2017-11-27
10058.8,2017-11-28
9888.61,2017-11-29
10233.6,2017-11-30
10975.6,2017-12-01
11074.6,2017-12-02
11323.2,2017-12-03
11657.2,2017-12-04
11916.7,2017-12-05
14291.5,2017-12-06
17899.7,2017-12-07
16569.4,2017-12-08
15178.2,2017-12-09
15455.4,2017-12-10
16936.8,2017-12-11
17415.4,2017-12-12
16408.2,2017-12-13
16564,2017-12-14
17706.9,2017-12-15
19497.4,2017-12-16
19140.8,2017-12-17
19114.2,2017-12-18
17776.7,2017-12-19
16624.6,2017-12-20
15802.9,2017-12-21
13831.8,2017-12-22
14699.2,2017-12-23
13925.8,2017-12-24
14026.6,2017-12-25
16099.8,2017-12-26
15838.5,2017-12-27
14606.5,2017-12-28
14656.2,2017-12-29
12952.2,2017-12-30
14156.4,2017-12-31
13657.2,2018-01-01
14982.1,2018-01-02
15201,2018-01-03
15599.2,2018-01-04
17429.5,2018-01-05
17527,2018-01-06
16477.6,2018-01-07
15170.1,2018-01-08
14595.4,2018-01-09
14973.3,2018-01-10
13405.8,2018-01-11
13980.6,2018-01-12
14360.2,2018-01-13
13772,2018-01-14
13819.8,2018-01-15
11490.5,2018-01-16
11188.6,2018-01-17
11474.9,2018-01-18
11607.4,2018-01-19
12899.2,2018-01-20
11600.1,2018-01-21
10931.4,2018-01-22
10868.4,2018-01-23
11359.4,2018-01-24
11259.4,2018-01-25
11171.4,2018-01-26
11440.7,2018-01-27
11786.3,2018-01-28
11296.4,2018-01-29
10106.3,2018-01-30
10221.1,2018-01-31
9170.54,2018-02-01
8830.75,2018-02-02
9174.91,2018-02-03
8277.01,2018-02-04
6955.27,2018-02-05
7754,2018-02-06
7621.3,2018-02-07
8265.59,2018-02-08
8736.98,2018-02-09
8621.9,2018-02-10
8129.97,2018-02-11
8926.57,2018-02-12
8598.31,2018-02-13
9494.63,2018-02-14
10166.4,2018-02-15
10233.9,2018-02-16
11112.7,2018-02-17
10551.8,2018-02-18
11225.3,2018-02-19
11403.7,2018-02-20
10690.4,2018-02-21
10005,2018-02-22
10301.1,2018-02-23
9813.07,2018-02-24
9664.73,2018-02-25
10366.7,2018-02-26
10725.6,2018-02-27
10397.9,2018-02-28
10951,2018-03-01
11086.4,2018-03-02
11489.7,2018-03-03
11512.6,2018-03-04
11573.3,2018-03-05
10779.9,2018-03-06
9965.57,2018-03-07
9395.01,2018-03-08
9337.55,2018-03-09
8866,2018-03-10
9578.63,2018-03-11
9205.12,2018-03-12
9194.85,2018-03-13
8269.81,2018-03-14
8300.86,2018-03-15
8338.35,2018-03-16
7916.88,2018-03-17
8223.68,2018-03-18
8630.65,2018-03-19
8913.47,2018-03-20
8929.28,2018-03-21
8728.47,2018-03-22
8879.62,2018-03-23
8668.12,2018-03-24
8495.78,2018-03-25
8209.4,2018-03-26
7833.04,2018-03-27
7954.48,2018-03-28
7165.7,2018-03-29
6890.52,2018-03-30
6973.53,2018-03-31
6844.23,2018-04-01
7083.8,2018-04-02
7456.11,2018-04-03
6853.84,2018-04-04
6811.47,2018-04-05
6636.32,2018-04-06
6911.09,2018-04-07
7023.52,2018-04-08
6770.73,2018-04-09
6834.76,2018-04-10
6968.32,2018-04-11
7889.25,2018-04-12
7895.96,2018-04-13
7986.24,2018-04-14
8329.11,2018-04-15
8058.67,2018-04-16
7902.09,2018-04-17
8163.42,2018-04-18
8294.31,2018-04-19
8845.83,2018-04-20
8895.58,2018-04-21
8802.46,2018-04-22
8930.88,2018-04-23
9697.5,2018-04-24
8845.74,2018-04-25
9281.51,2018-04-26
8987.05,2018-04-27
9348.48,2018-04-28
9419.08,2018-04-29
9240.55,2018-04-30
9119.01,2018-05-01
9235.92,2018-05-02
9743.86,2018-05-03
9700.76,2018-05-04
9858.15,2018-05-05
9654.8,2018-05-06
9373.01,2018-05-07
9234.82,2018-05-08
9325.18,2018-05-09
9043.94,2018-05-10
8441.49,2018-05-11
8504.89,2018-05-12
8723.94,2018-05-13
8716.79,2018-05-14
8510.38,2018-05-15
8368.83,2018-05-16
8094.32,2018-05-17
8250.97,2018-05-18
8247.18,2018-05-19
8513.25,2018-05-20
8418.99,2018-05-21
8041.78,2018-05-22
7557.82,2018-05-23
7587.34,2018-05-24
7480.14,2018-05-25
7355.88,2018-05-26
7368.22,2018-05-27
7135.99,2018-05-28
7472.59,2018-05-29
7406.52,2018-05-30
7494.17,2018-05-31
7541.45,2018-06-01
7643.45,2018-06-02
7720.25,2018-06-03
7514.47,2018-06-04
7633.76,2018-06-05
7653.98,2018-06-06
7678.24,2018-06-07
7624.92,2018-06-08
7531.98,2018-06-09
6786.02,2018-06-10
6906.92,2018-06-11
6582.36,2018-06-12
6349.9,2018-06-13
6675.35,2018-06-14
6456.58,2018-06-15
6550.16,2018-06-16
6499.27,2018-06-17
6734.82,2018-06-18
6769.94,2018-06-19
6776.55,2018-06-20
6729.74,2018-06-21
6083.69,2018-06-22
6162.48,2018-06-23
6173.23,2018-06-24
6249.18,2018-06-25
6093.67,2018-06-26
6157.13,2018-06-27
5903.44,2018-06-28
6218.3,2018-06-29
6404,2018-06-30
6385.82,2018-07-01
6614.18,2018-07-02
6529.59,2018-07-03
6597.55,2018-07-04
6639.14,2018-07-05
6673.5,2018-07-06
6856.93,2018-07-07
6773.88,2018-07-08
6741.75,2018-07-09
6329.95,2018-07-10
6394.71,2018-07-11
6228.81,2018-07-12
6238.05,2018-07-13
6276.12,2018-07-14
6359.64,2018-07-15
6741.75,2018-07-16
7321.04,2018-07-17
7370.78,2018-07-18
7466.86,2018-07-19
7354.13,2018-07-20
7419.29,2018-07-21
7418.49,2018-07-22
7711.11,2018-07-23
8424.27,2018-07-24
8181.39,2018-07-25
7951.58,2018-07-26
8165.01,2018-07-27
8192.15,2018-07-28
8218.46,2018-07-29
8180.48,2018-07-30
7780.44,2018-07-31
7624.91,2018-08-01
7567.15,2018-08-02
7434.39,2018-08-03
7032.85,2018-08-04
7068.48,2018-08-05
6951.8,2018-08-06
6753.12,2018-08-07
6305.8,2018-08-08
6568.23,2018-08-09
6184.71,2018-08-10
6295.73,2018-08-11
6322.69,2018-08-12
6297.57,2018-08-13
6199.71,2018-08-14
6308.52,2018-08-15
6334.73,2018-08-16
6580.63,2018-08-17
6423.76,2018-08-18
6506.07,2018-08-19
6308.53,2018-08-20
6488.76,2018-08-21
6376.71,2018-08-22
6534.88,2018-08-23
6719.96,2018-08-24
6763.19,2018-08-25
6707.26,2018-08-26
6884.64,2018-08-27
7096.28,2018-08-28
7047.16,2018-08-29
6978.23,2018-08-30
7037.58,2018-08-31
7193.25,2018-09-01
7272.72,2018-09-02
7260.06,2018-09-03
7361.66,2018-09-04
6792.83,2018-09-05
6529.17,2018-09-06
6467.07,2018-09-07
6225.98,2018-09-08
6300.86,2018-09-09
6329.7,2018-09-10
6321.2,2018-09-11
6351.8,2018-09-12
6517.31,2018-09-13
6512.71,2018-09-14
6543.2,2018-09-15
6517.18,2018-09-16
6281.2,2018-09-17
6371.3,2018-09-18
6398.54,2018-09-19
6519.67,2018-09-20
6734.95,2018-09-21
6721.98,2018-09-22
6710.63,2018-09-23
6595.41,2018-09-24
6446.47,2018-09-25
6495,2018-09-26
6676.75,2018-09-27
6644.13,2018-09-28
6601.96,2018-09-29
6625.56,2018-09-30
6589.62,2018-10-01
6556.1,2018-10-02
6502.59,2018-10-03
6576.69,2018-10-04
6622.48,2018-10-05
6588.31,2018-10-06
6602.95,2018-10-07
6652.23,2018-10-08
6642.64,2018-10-09
6585.53,2018-10-10
6256.24,2018-10-11
6274.58,2018-10-12
6285.99,2018-10-13
6290.93,2018-10-14
6596.54,2018-10-15
6596.11,2018-10-16
6544.43,2018-10-17
6476.71,2018-10-18
6465.41,2018-10-19
6489.19,2018-10-20
6482.35,2018-10-21
6487.16,2018-10-22
6475.74,2018-10-23
6495.84,2018-10-24
6476.29,2018-10-25
6474.75,2018-10-26
6480.38,2018-10-27
6486.39,2018-10-28
6332.63,2018-10-29
6334.27,2018-10-30
6317.61,2018-10-31
6377.78,2018-11-01
6388.44,2018-11-02
6361.26,2018-11-03
6376.13,2018-11-04
6419.66,2018-11-05
6461.01,2018-11-06
6530.14,2018-11-07
6453.72,2018-11-08
6385.62,2018-11-09
6409.22,2018-11-10
6411.27,2018-11-11
6371.27,2018-11-12
6359.49,2018-11-13
5738.35,2018-11-14
5648.03,2018-11-15
5575.55,2018-11-16
5554.33,2018-11-17
5623.54,2018-11-18
4871.49,2018-11-19
4451.87,2018-11-20
4602.17,2018-11-21
4365.94,2018-11-22
4347.11,2018-11-23
3880.76,2018-11-24
4009.97,2018-11-25
3779.13,2018-11-26
3820.72,2018-11-27
4257.42,2018-11-28
4278.85,2018-11-29
4017.27,2018-11-30
4214.67,2018-12-01
4139.88,2018-12-02
3894.13,2018-12-03
3956.89,2018-12-04
3753.99,2018-12-05
3521.1,2018-12-06
3419.94,2018-12-07
3476.11,2018-12-08
3614.23,2018-12-09
3502.66,2018-12-10
3424.59,2018-12-11
3486.95,2018-12-12
3313.68,2018-12-13
3242.48,2018-12-14
3236.76,2018-12-15
3252.84,2018-12-16
3545.86,2018-12-17
3696.06,2018-12-18
3745.95,2018-12-19
4134.44,2018-12-20
3896.54,2018-12-21
4014.18,2018-12-22
3998.98,2018-12-23
4078.6,2018-12-24
3815.49,2018-12-25
3857.3,2018-12-26
3654.83,2018-12-27
3923.92,2018-12-28
3820.41,2018-12-29
3865.95,2018-12-30
3742.7,2018-12-31
3843.52,2019-01-01
3943.41,2019-01-02
3836.74,2019-01-03
3857.72,2019-01-04
3845.19,2019-01-05
4076.63,2019-01-06
4025.25,2019-01-07
4030.85,2019-01-08
4035.3,2019-01-09
3678.92,2019-01-10
3687.37,2019-01-11
3661.3,2019-01-12
3552.95,2019-01-13
3706.05,2019-01-14
3630.68,2019-01-15
3655.01,2019-01-16
3678.56,2019-01-17
3657.84,2019-01-18
3728.57,2019-01-19
3601.01,2019-01-20
3576.03,2019-01-21
3604.58,2019-01-22
3585.12,2019-01-23
3600.87,2019-01-24
3599.77,2019-01-25
3602.46,2019-01-26
3583.97,2019-01-27
3470.45,2019-01-28
3448.12,2019-01-29
3486.18,2019-01-30
3457.79,2019-01-31
3487.95,2019-02-01
3521.06,2019-02-02
3464.01,2019-02-03
3459.15,2019-02-04
3466.36,2019-02-05
3413.77,2019-02-06
3399.47,2019-02-07
3666.78,2019-02-08
3671.2,2019-02-09
3690.19,2019-02-10
3648.43,2019-02-11
3653.53,2019-02-12
3632.07,2019-02-13
3616.88,2019-02-14
3620.81,2019-02-15
3629.79,2019-02-16
3673.84,2019-02-17
3915.71,2019-02-18
3947.09,2019-02-19
3999.82,2019-02-20
3954.12,2019-02-21
4005.53,2019-02-22
4142.53,2019-02-23
3810.43,2019-02-24
3882.7,2019-02-25
3854.36,2019-02-26
3851.05,2019-02-27
3854.79,2019-02-28
3859.58,2019-03-01
3864.42,2019-03-02
3847.18,2019-03-03
3761.56,2019-03-04
3896.38,2019-03-05
3903.94,2019-03-06
3911.48,2019-03-07
3901.13,2019-03-08
3963.31,2019-03-09
3951.6,2019-03-10
3905.23,2019-03-11
3909.16,2019-03-12
3906.72,2019-03-13
3924.37,2019-03-14
3960.91,2019-03-15
4048.73,2019-03-16
4025.23,2019-03-17
4032.51,2019-03-18
4071.19,2019-03-19
4087.48,2019-03-20
4029.33,2019-03-21
4023.97,2019-03-22
4035.83,2019-03-23
4022.17,2019-03-24
3963.07,2019-03-25
3985.08,2019-03-26
4087.07,2019-03-27
4069.11,2019-03-28
4098.37,2019-03-29
4106.66,2019-03-30
4105.4,2019-03-31
4158.18,2019-04-01
4879.88,2019-04-02
4973.02,2019-04-03
4922.8,2019-04-04
5036.68,2019-04-05
5059.82,2019-04-06
5198.9,2019-04-07
5289.77,2019-04-08
5204.96,2019-04-09
5324.55,2019-04-10
5064.49,2019-04-11
5089.54,2019-04-12
5096.59,2019-04-13
5167.72,2019-04-14
5067.11,2019-04-15
5235.56,2019-04-16
5251.94,2019-04-17
5298.39,2019-04-18
5303.81,2019-04-19
5337.89,2019-04-20
5314.53,2019-04-21
5399.37,2019-04-22
5572.36,2019-04-23
5464.87,2019-04-24
5210.52,2019-04-25
5279.35,2019-04-26
5268.29,2019-04-27
5285.14,2019-04-28
5247.35,2019-04-29
5350.73,2019-04-30
5402.7,2019-05-01
5505.28,2019-05-02
5768.29,2019-05-03
5831.17,2019-05-04
5795.71,2019-05-05
5746.81,2019-05-06
5829.5,2019-05-07
5982.46,2019-05-08
6174.53,2019-05-09
6378.85,2019-05-10
7204.77,2019-05-11
6972.37,2019-05-12
7814.92,2019-05-13
7994.42,2019-05-14
8205.17,2019-05-15
7884.91,2019-05-16
7343.9,2019-05-17
7271.21,2019-05-18
8197.69,2019-05-19
7978.31,2019-05-20
7963.33,2019-05-21
7680.07,2019-05-22
7881.85,2019-05-23
7987.37,2019-05-24
8052.54,2019-05-25
8673.22,2019-05-26
8805.78,2019-05-27
8719.96,2019-05-28
8659.49,2019-05-29
8319.47,2019-05-30
8574.5,2019-05-31
8564.02,2019-06-01
8742.96,2019-06-02
8208.99,2019-06-03
7707.77,2019-06-04
7824.23,2019-06-05
7822.02,2019-06-06
8043.95,2019-06-07
7954.13,2019-06-08
7688.08,2019-06-09
8000.33,2019-06-10
7927.71,2019-06-11
8145.86,2019-06-12
8230.92,2019-06-13
8693.83,2019-06-14
8838.38,2019-06-15
8994.49,2019-06-16
9320.35,2019-06-17
9081.76,2019-06-18
9273.52,2019-06-19
9527.16,2019-06-20
10144.56,2019-06-21
10701.69,2019-06-22
10855.37,2019-06-23
11011.1,2019-06-24
11790.92,2019-06-25
13016.23,2019-06-26
11182.81,2019-06-27
12407.33,2019-06-28
11959.37,2019-06-29
10817.16,2019-06-30
10583.13,2019-07-01
10801.68,2019-07-02
11961.27,2019-07-03
11215.44,2019-07-04
10978.46,2019-07-05
11208.55,2019-07-06
11450.85,2019-07-07
12285.96,2019-07-08
12573.81,2019-07-09
12156.51,2019-07-10
11358.66,2019-07-11
11815.99,2019-07-12
11392.38,2019-07-13
10256.06,2019-07-14
10895.09,2019-07-15
9477.64,2019-07-16
9693.8,2019-07-17
10666.48,2019-07-18
10530.73,2019-07-19
10767.14,2019-07-20
10599.11,2019-07-21
10343.11,2019-07-22
9900.77,2019-07-23
9811.93,2019-07-24
9911.84,2019-07-25
9870.3,2019-07-26
9477.68,2019-07-27
9552.86,2019-07-28
9519.15,2019-07-29
9607.42,2019-07-30
10085.63,2019-07-31
10399.67,2019-08-01
10518.17,2019-08-02
10821.73,2019-08-03
10970.18,2019-08-04
11805.65,2019-08-05
11478.17,2019-08-06
11941.97,2019-08-07
11966.41,2019-08-08
11862.94,2019-08-09
11354.02,2019-08-10
11523.58,2019-08-11
11382.62,2019-08-12
10895.83,2019-08-13
10051.7,2019-08-14
10311.55,2019-08-15
10374.34,2019-08-16
10231.74,2019-08-17
10345.81,2019-08-18
10916.05,2019-08-19
10763.23,2019-08-20
10138.05,2019-08-21
10131.06,2019-08-22
10407.97,2019-08-23
10159.96,2019-08-24
