prop_id,date_time,price_usd
83045,2012-12-31T08:59:22Z,219
13252,2013-03-20T17:50:44Z,160
73738,2013-03-20T17:50:44Z,189
73738,2013-03-03T19:26:40Z,189
13252,2013-04-03T09:46:23Z,186
73738,2013-04-03T09:46:23Z,161
83045,2013-01-01T20:12:48Z,259
83045,2013-06-23T09:32:33Z,349
83045,2013-04-11T23:25:56Z,239
13252,2013-06-01T10:43:19Z,219
83045,2013-02-08T21:09:14Z,226
13252,2013-04-19T09:53:43Z,237
13252,2013-04-13T18:06:36Z,223.27
83045,2012-12-19T19:42:45Z,541
83045,2013-06-20T21:08:06Z,289
83045,2013-04-13T14:10:24Z,326.56
83045,2013-03-17T19:32:31Z,225.62
83045,2013-04-30T00:12:37Z,241.65
73738,2013-05-01T23:18:06Z,191.03
13252,2013-06-28T11:54:24Z,249
83045,2013-06-12T21:46:46Z,349
83045,2013-02-20T13:40:22Z,229
83045,2013-02-25T11:11:06Z,224.13
73738,2013-03-22T10:40:16Z,149
83045,2013-02-03T16:49:27Z,239
83045,2013-04-23T16:44:03Z,243.15
83045,2013-01-13T07:59:57Z,219
73738,2013-06-05T13:57:41Z,174
83045,2013-03-09T11:05:54Z,319.4
13252,2013-06-24T11:39:25Z,252
13252,2013-04-16T15:16:09Z,239
83045,2013-04-04T11:09:30Z,239
13252,2013-02-23T13:22:24Z,188
13252,2013-01-02T23:16:21Z,107.63
13252,2013-05-07T21:14:07Z,239
83045,2013-02-08T22:19:33Z,259
13252,2013-02-07T11:17:42Z,215
13252,2013-06-22T19:44:34Z,339
73738,2013-06-22T19:44:34Z,130
73738,2013-02-05T14:12:11Z,176.95
73738,2012-12-07T23:02:31Z,93
83045,2012-11-11T11:41:42Z,199.42
13252,2013-05-22T16:02:14Z,163
73738,2013-05-22T16:02:14Z,144
83045,2013-02-03T18:13:34Z,215.49
83045,2013-02-09T13:10:12Z,239
83045,2012-11-04T08:05:45Z,219
83045,2013-02-11T14:30:15Z,247.18
83045,2013-03-02T10:09:44Z,218.99
13252,2013-06-26T16:55:03Z,266
83045,2013-01-20T18:50:05Z,333.23
83045,2013-06-22T22:33:16Z,257.24
83045,2013-02-01T13:45:44Z,268.94
13252,2013-04-08T18:03:48Z,186
73738,2013-04-08T18:03:48Z,129
83045,2013-05-21T15:44:42Z,334
83045,2013-03-27T00:26:45Z,246
83045,2013-05-20T22:22:31Z,317.15
83045,2013-05-12T07:45:59Z,196.49
13252,2013-06-25T05:47:37Z,346
73738,2013-01-08T23:17:57Z,159
13252,2013-05-17T14:38:01Z,151
73738,2013-05-17T14:38:01Z,194
13252,2013-06-20T08:40:15Z,249
73738,2013-06-20T08:40:15Z,194
83045,2013-02-22T02:23:14Z,269
83045,2013-01-25T23:12:39Z,326.28
13252,2012-12-05T13:08:50Z,167.83
83045,2013-01-15T19:03:01Z,316.66
83045,2013-03-25T21:28:38Z,326.25
83045,2013-03-20T16:23:55Z,346
83045,2013-03-03T11:20:34Z,239
83045,2013-03-30T11:05:43Z,239
13252,2013-01-15T20:21:46Z,186
83045,2012-12-25T08:47:35Z,242.58
83045,2013-01-30T09:29:16Z,179
13252,2013-06-04T21:01:15Z,313
73738,2013-06-04T21:01:15Z,149
13252,2013-01-09T09:58:17Z,198.46
73738,2013-01-09T09:58:17Z,122.52
13252,2013-04-25T11:47:03Z,366
83045,2013-04-27T15:04:40Z,319.6
83045,2013-02-11T20:32:55Z,232.25
83045,2013-04-28T20:48:52Z,239
83045,2012-12-04T21:27:31Z,199
13252,2013-04-23T11:17:47Z,188
73738,2013-04-23T11:17:47Z,130
13252,2012-11-28T17:03:04Z,204
73738,2012-11-28T17:03:04Z,89
13252,2013-06-01T12:33:06Z,249
13252,2013-05-14T10:03:05Z,189
73738,2013-05-14T10:03:05Z,144
83045,2013-01-27T12:23:56Z,194
83045,2013-02-28T07:31:40Z,219
83045,2013-04-29T18:57:17Z,246
83045,2013-05-15T13:08:56Z,262
83045,2013-05-01T19:54:46Z,239
83045,2013-03-18T18:24:42Z,259
73738,2013-04-21T17:29:16Z,184
83045,2013-02-15T14:54:21Z,179
83045,2013-01-13T15:35:27Z,249
83045,2013-01-09T15:55:39Z,349.07
83045,2013-05-21T19:32:37Z,259.08
13252,2012-12-03T14:48:18Z,196
13252,2013-06-12T12:35:04Z,309
73738,2013-06-12T12:35:04Z,204
83045,2013-03-23T22:18:17Z,266
13252,2013-02-15T23:01:11Z,224
73738,2013-02-15T23:01:11Z,129
83045,2013-05-11T22:13:59Z,253.47
83045,2012-11-29T23:25:04Z,193.91
13252,2012-12-04T09:36:17Z,209
73738,2012-12-04T09:36:17Z,161
13252,2013-06-17T22:50:23Z,399
13252,2013-02-14T12:39:05Z,215
73738,2013-02-14T12:39:05Z,189
13252,2013-02-07T11:18:39Z,215
13252,2013-06-15T14:55:55Z,317.34
73738,2013-06-15T14:55:55Z,178.99
13252,2013-06-20T10:57:12Z,339
83045,2013-06-26T16:19:56Z,349
83045,2013-04-17T09:27:36Z,319
13252,2013-06-30T18:04:02Z,209
73738,2013-06-30T18:04:02Z,144
13252,2012-11-05T11:52:53Z,183.66
13252,2013-01-16T01:14:34Z,144
83045,2013-06-23T07:26:03Z,346
13252,2013-03-26T09:59:01Z,132
73738,2013-03-26T09:59:01Z,152
83045,2013-02-05T18:13:27Z,239
13252,2012-12-08T13:11:13Z,158.84
73738,2012-12-08T13:11:13Z,93.08
13252,2012-11-28T20:20:30Z,179
13252,2013-02-18T15:53:15Z,224
73738,2013-02-18T15:53:15Z,189
13252,2013-02-25T14:59:54Z,449
73738,2013-02-25T14:59:54Z,127
73738,2012-11-05T16:52:42Z,107
13252,2013-05-23T14:59:03Z,151
13252,2013-02-25T21:35:49Z,212
13252,2013-04-07T16:35:33Z,199
73738,2013-04-07T16:35:33Z,143
83045,2013-03-08T12:38:38Z,255.81
83045,2012-11-22T01:17:19Z,192
13252,2013-06-10T08:06:25Z,275
73738,2013-06-10T08:06:25Z,204
13252,2013-02-15T13:23:10Z,197
73738,2013-02-15T13:23:10Z,98
13252,2013-05-20T22:03:43Z,156.23
83045,2013-01-25T10:29:51Z,219
73738,2013-04-13T08:18:27Z,129
73738,2013-03-20T11:19:45Z,189
83045,2013-06-27T09:29:28Z,329
83045,2013-02-13T23:29:00Z,199.09
13252,2013-01-16T23:46:45Z,220.1
73738,2013-01-16T23:46:45Z,177.5
13252,2013-05-31T08:52:15Z,209
73738,2013-05-31T08:52:15Z,194
83045,2013-01-06T06:22:48Z,199
13252,2013-04-16T11:16:48Z,214
73738,2013-04-16T11:16:48Z,149
13252,2012-11-13T23:00:10Z,208.56
73738,2012-11-13T23:00:10Z,123.74
83045,2013-05-11T11:52:29Z,247.52
13252,2012-11-06T10:21:03Z,238.94
83045,2013-06-05T18:02:50Z,289
83045,2013-02-17T18:36:28Z,199
83045,2013-02-10T08:40:47Z,246
83045,2013-04-16T13:03:20Z,348.09
13252,2013-03-25T21:15:52Z,238.91
73738,2013-03-25T21:15:52Z,188
83045,2013-01-07T19:52:19Z,219.09
13252,2013-05-02T14:42:16Z,219
13252,2013-04-19T18:49:09Z,138.61
73738,2013-04-19T18:49:09Z,149.28
13252,2013-01-03T01:46:56Z,108
83045,2012-12-29T20:11:29Z,199
13252,2013-01-11T18:45:11Z,186
13252,2013-02-07T22:31:56Z,215
73738,2013-02-07T22:31:56Z,129
83045,2013-01-21T16:19:01Z,238.32
13252,2013-02-06T16:14:24Z,224
13252,2012-11-05T15:26:38Z,237
73738,2012-11-05T15:26:38Z,192
83045,2013-03-05T16:01:14Z,243.45
83045,2013-04-13T09:22:48Z,239
13252,2013-02-13T10:55:46Z,305
13252,2013-04-26T07:54:44Z,229
83045,2013-02-16T23:20:07Z,239.47
83045,2013-02-07T08:41:55Z,225
83045,2012-11-17T10:46:59Z,189
13252,2012-12-06T06:42:40Z,168
13252,2013-02-22T12:14:56Z,205
73738,2013-02-22T12:14:56Z,175
83045,2013-03-11T16:21:53Z,219
83045,2013-03-27T10:57:48Z,182
83045,2013-02-24T08:03:55Z,219
83045,2013-02-08T15:18:27Z,199
73738,2013-06-19T15:46:55Z,194
13252,2013-06-08T23:47:15Z,289.3
83045,2013-04-04T19:36:26Z,230.82
83045,2013-06-09T06:44:27Z,239
83045,2013-01-15T19:31:31Z,224
13252,2013-01-04T09:38:34Z,138
73738,2013-01-04T09:38:34Z,179
13252,2013-06-13T12:48:47Z,233.29
83045,2013-04-01T22:06:08Z,266
73738,2013-01-03T19:54:43Z,109.33
13252,2013-01-02T22:07:18Z,108
73738,2013-01-02T22:07:18Z,109
83045,2013-03-05T19:27:56Z,223
83045,2013-02-27T15:42:11Z,219.02
73738,2013-06-29T17:18:14Z,143.55
13252,2013-02-01T13:56:53Z,211
73738,2013-02-01T13:56:53Z,98
13252,2012-11-19T18:59:55Z,229
73738,2013-06-04T21:22:02Z,174
83045,2013-03-03T12:18:47Z,178.53
83045,2013-04-22T19:45:06Z,329.28
83045,2013-01-08T13:41:07Z,206
83045,2012-12-19T02:19:16Z,211.02
13252,2013-06-30T10:57:08Z,241
73738,2013-06-30T10:57:08Z,189
13252,2013-06-26T23:17:06Z,258.83
73738,2013-06-26T23:17:06Z,144.22
13252,2013-06-11T22:13:08Z,299
13252,2013-03-23T10:53:54Z,179
73738,2013-03-23T10:53:54Z,149
83045,2013-06-23T13:28:12Z,319.4
83045,2013-02-15T12:22:18Z,319.39
13252,2012-11-14T13:20:29Z,209
83045,2013-06-23T04:09:38Z,259
13252,2013-03-30T20:27:15Z,152
73738,2013-03-30T20:27:15Z,179
83045,2013-01-01T07:29:29Z,219
13252,2013-04-01T20:48:43Z,139
13252,2013-03-28T11:15:08Z,186
83045,2013-03-06T08:51:35Z,239.46
13252,2013-05-14T07:51:46Z,186.64
13252,2013-01-14T12:29:13Z,186
13252,2013-06-25T11:10:06Z,142
83045,2013-02-03T21:27:35Z,248.73
13252,2013-04-25T12:19:37Z,206
73738,2013-04-25T12:19:37Z,161
83045,2013-03-21T23:24:52Z,349
13252,2013-04-04T08:31:36Z,119
73738,2013-04-04T08:31:36Z,143
83045,2012-11-11T11:52:30Z,179
73738,2013-04-05T22:45:42Z,116
83045,2013-02-24T11:29:14Z,185.76
83045,2013-06-27T23:27:32Z,289
83045,2013-06-24T10:32:57Z,247.87
83045,2013-05-16T13:07:48Z,259
13252,2013-02-15T15:31:16Z,195.75
13252,2013-03-04T13:39:05Z,215
73738,2013-05-19T21:50:24Z,149
83045,2013-06-12T11:02:07Z,336.64
13252,2012-12-19T07:24:13Z,162
13252,2012-11-02T21:56:12Z,203
73738,2012-11-02T21:56:12Z,117
83045,2013-01-28T18:36:33Z,266
83045,2013-03-26T10:44:58Z,348.7
83045,2013-03-11T04:27:40Z,219
83045,2013-04-08T21:11:35Z,279
73738,2012-12-14T11:16:51Z,96
83045,2013-01-24T20:49:06Z,319
83045,2013-06-25T04:15:33Z,349
13252,2013-01-24T22:16:57Z,203
73738,2013-01-24T22:16:57Z,93
83045,2013-02-08T15:49:21Z,239
83045,2013-06-05T22:03:45Z,309.16
13252,2013-05-16T15:57:55Z,154
13252,2013-03-13T16:55:05Z,197
83045,2013-03-09T19:13:14Z,239
83045,2013-05-06T16:04:46Z,279
13252,2013-06-27T06:44:02Z,229.07
83045,2013-03-07T19:43:44Z,241.74
83045,2013-04-05T12:49:44Z,259
83045,2013-05-27T10:21:43Z,259
83045,2013-01-26T16:35:52Z,199.1
73738,2013-03-26T10:53:07Z,109.24
83045,2013-04-15T22:04:04Z,269
83045,2012-11-28T11:34:02Z,206
73738,2013-03-24T14:12:45Z,188
13252,2012-12-03T11:21:52Z,179
83045,2012-12-27T12:22:25Z,227.09
83045,2013-03-28T21:06:48Z,258.2
83045,2013-03-14T23:12:03Z,319.9
13252,2012-12-25T17:18:05Z,189.38
73738,2012-12-25T17:18:05Z,109.21
13252,2013-02-20T12:29:23Z,215
13252,2013-06-04T16:22:52Z,234
73738,2013-06-04T16:22:52Z,130
83045,2013-02-17T05:18:50Z,189
13252,2013-02-12T11:48:20Z,269
73738,2013-02-12T11:48:20Z,143
13252,2013-05-28T18:35:42Z,239
73738,2013-03-17T09:37:49Z,159
83045,2012-12-08T13:40:28Z,225.49
83045,2013-06-03T15:26:40Z,219
83045,2013-06-29T08:21:50Z,304.29
73738,2013-03-20T21:30:44Z,149.12
83045,2013-03-31T18:18:19Z,218.8
13252,2013-06-25T22:13:19Z,259
13252,2012-12-13T12:05:47Z,189
73738,2012-12-13T12:05:47Z,109
13252,2012-11-04T10:09:59Z,185.78
73738,2012-11-04T10:09:59Z,191.81
73738,2013-01-30T19:36:33Z,109
13252,2013-04-18T12:59:39Z,212
73738,2013-04-18T12:59:39Z,130
83045,2013-02-14T13:47:29Z,218.58
13252,2013-02-25T20:29:54Z,197
83045,2013-03-25T05:55:27Z,329
13252,2013-06-04T15:29:48Z,279
73738,2013-06-04T15:29:48Z,175
13252,2012-11-18T19:29:21Z,208.75
73738,2012-11-18T19:29:21Z,118.86
83045,2013-02-12T09:17:42Z,189
73738,2013-04-03T09:51:43Z,116
83045,2013-02-13T13:00:57Z,232
13252,2012-12-22T23:08:08Z,189.29
73738,2012-12-22T23:08:08Z,108.74
73738,2012-11-13T17:41:12Z,107
13252,2013-03-12T12:21:08Z,186.21
73738,2013-03-12T12:21:08Z,98.47
13252,2013-06-10T10:17:21Z,329
73738,2013-06-10T10:17:21Z,169
83045,2013-02-21T16:51:14Z,226
83045,2013-05-05T18:00:35Z,334.47
73738,2013-03-19T09:05:34Z,159
83045,2013-03-07T16:12:20Z,179
83045,2013-05-19T19:05:16Z,349
13252,2013-06-25T15:19:22Z,293
73738,2013-06-25T15:19:22Z,130
83045,2012-12-19T08:25:43Z,179
73738,2013-01-19T10:41:31Z,129.07
83045,2013-04-11T23:38:22Z,212
13252,2013-06-16T15:03:01Z,329
83045,2013-04-04T10:30:53Z,239.01
13252,2013-06-16T20:50:31Z,258.6
83045,2013-05-27T16:32:25Z,276
13252,2012-11-12T11:30:01Z,179
13252,2013-06-26T12:15:23Z,225.41
13252,2013-02-09T07:39:09Z,200
73738,2013-02-09T07:39:09Z,149
83045,2013-04-29T11:09:27Z,241.94
13252,2012-12-14T14:48:57Z,198.88
13252,2013-01-12T21:25:32Z,146.22
73738,2013-01-12T21:25:32Z,130.99
83045,2012-11-18T00:52:19Z,199
83045,2013-03-24T13:58:34Z,228.69
83045,2013-04-02T09:32:39Z,259
13252,2012-12-04T14:25:36Z,191.4
73738,2012-12-04T14:25:36Z,98.72
83045,2013-05-25T11:47:23Z,219
13252,2013-02-28T21:48:31Z,210.56
73738,2013-06-26T14:07:09Z,127
83045,2012-12-22T17:27:34Z,208.39
73738,2012-12-11T01:08:13Z,98.06
13252,2012-11-30T16:06:47Z,199
83045,2012-12-04T07:18:22Z,199
13252,2013-03-19T22:32:56Z,143.16
83045,2013-05-31T09:20:16Z,332.88
83045,2012-12-06T22:36:54Z,266
83045,2013-02-10T11:41:02Z,218.76
73738,2013-02-22T07:48:30Z,179
83045,2013-03-01T09:29:51Z,246
83045,2013-03-02T07:51:59Z,219
13252,2013-02-16T18:39:57Z,196.74
13252,2013-02-28T17:28:57Z,212.31
73738,2013-02-28T17:28:57Z,159.24
83045,2013-02-06T20:15:46Z,328.9
83045,2013-05-30T14:11:19Z,289
83045,2013-02-01T17:00:40Z,239
13252,2013-06-06T16:56:20Z,238.7
13252,2012-12-25T19:33:02Z,169
73738,2012-12-25T19:33:02Z,109
83045,2013-02-19T13:11:59Z,253.73
83045,2013-03-16T19:58:48Z,231
13252,2013-01-04T11:24:25Z,108
73738,2013-01-04T11:24:25Z,109
13252,2013-01-23T09:27:47Z,185.15
73738,2013-01-23T09:27:47Z,108.09
13252,2012-12-21T03:13:39Z,169
73738,2012-12-21T03:13:39Z,109
83045,2013-01-24T15:10:02Z,321.07
13252,2013-04-07T07:29:54Z,229
83045,2012-11-15T15:32:58Z,199
13252,2013-02-20T21:49:56Z,143
13252,2013-01-09T16:00:45Z,186
83045,2013-01-11T07:16:41Z,246.52
83045,2013-05-29T11:02:59Z,254
13252,2012-12-15T06:46:36Z,199
73738,2012-12-15T06:46:36Z,109
83045,2013-01-13T16:40:16Z,324.48
73738,2013-03-25T11:32:16Z,153.73
83045,2013-03-26T00:22:55Z,236.66
83045,2013-05-23T17:18:32Z,199
83045,2013-06-06T14:50:17Z,242.42
13252,2013-06-23T20:16:43Z,224
83045,2013-03-11T13:24:01Z,239.54
13252,2013-02-19T19:06:59Z,209
13252,2013-06-06T07:20:35Z,279
83045,2013-01-20T21:06:21Z,225.33
73738,2013-03-22T07:02:04Z,149
83045,2013-03-13T20:07:01Z,266
83045,2012-12-05T12:39:06Z,179
83045,2013-01-30T15:48:52Z,228.15
83045,2012-11-05T15:20:23Z,225.6
83045,2013-01-08T15:54:27Z,259
83045,2013-06-24T21:52:34Z,251.9
83045,2013-05-15T23:46:44Z,254.42
83045,2012-11-24T22:33:16Z,227
83045,2012-11-27T12:16:36Z,179
73738,2013-03-06T12:35:02Z,143
83045,2013-06-04T23:59:17Z,319.12
13252,2013-05-07T13:38:43Z,252.94
73738,2012-12-25T16:27:06Z,108.83
83045,2013-05-28T00:57:49Z,272
13252,2013-06-24T22:06:33Z,234.26
73738,2013-06-24T22:06:33Z,143.8
13252,2012-11-28T23:46:14Z,309
83045,2013-04-18T20:27:02Z,319.32
83045,2013-04-18T11:19:01Z,259
13252,2013-03-08T09:54:08Z,197.34
73738,2013-03-08T09:54:08Z,98.18
13252,2013-06-09T12:03:00Z,222.61
83045,2013-05-22T17:38:31Z,317.6
13252,2013-05-13T14:29:56Z,233
83045,2013-06-22T10:04:04Z,289
83045,2013-03-05T07:09:21Z,219
83045,2013-03-05T23:37:42Z,250.28
13252,2013-02-16T15:34:27Z,305
73738,2013-02-16T15:34:27Z,149
73738,2013-05-17T22:19:44Z,140.06
13252,2013-02-01T07:43:10Z,212
73738,2013-02-01T07:43:10Z,98
83045,2012-12-26T12:13:01Z,319
83045,2013-04-19T12:40:53Z,218.91
83045,2013-02-21T13:09:20Z,231.71
83045,2013-01-25T01:08:40Z,204.81
13252,2013-03-30T21:05:40Z,238.6
13252,2013-06-14T12:15:06Z,209
73738,2013-06-14T12:15:06Z,144
13252,2013-05-30T11:11:47Z,249
13252,2012-12-28T10:40:29Z,168.51
83045,2013-06-27T21:42:37Z,333.42
73738,2013-05-13T14:49:37Z,142.49
73738,2013-03-02T08:37:37Z,188
83045,2013-02-24T14:59:53Z,239
83045,2013-01-13T12:50:10Z,214
83045,2013-03-08T12:03:43Z,237.61
13252,2013-05-26T06:19:58Z,159
13252,2013-05-18T10:13:18Z,235
83045,2013-06-30T00:03:06Z,318.72
13252,2013-02-05T13:22:00Z,206
73738,2013-02-05T13:22:00Z,178
13252,2013-04-14T06:06:57Z,229
73738,2013-04-14T06:06:57Z,184
73738,2013-05-08T11:05:05Z,165.55
13252,2012-11-07T01:46:17Z,169
73738,2013-03-28T21:22:56Z,116
83045,2013-05-22T20:18:02Z,267.91
13252,2012-12-27T15:39:45Z,213.76
83045,2012-11-23T15:44:00Z,179
83045,2013-04-29T00:28:24Z,233.03
13252,2013-02-25T11:53:39Z,218
13252,2013-04-25T15:31:37Z,206
73738,2013-04-25T15:31:37Z,129
83045,2013-03-11T18:53:58Z,229
83045,2013-03-10T19:06:59Z,239
83045,2013-05-07T22:41:53Z,237.32
83045,2013-04-17T23:51:52Z,257
13252,2013-02-17T01:27:37Z,224.56
73738,2013-02-17T01:27:37Z,129.17
73738,2013-02-08T08:25:03Z,129
83045,2013-05-25T09:20:31Z,219
83045,2013-06-17T11:30:05Z,259
83045,2013-04-22T00:41:12Z,219.64
83045,2013-05-16T17:29:40Z,317.16
83045,2013-02-25T21:16:12Z,217.46
83045,2012-12-15T12:25:14Z,179
13252,2013-03-17T07:43:14Z,206
13252,2013-04-17T18:37:33Z,219
73738,2013-04-17T18:37:33Z,149
13252,2013-02-09T18:38:15Z,211
83045,2013-06-24T17:42:46Z,334
13252,2013-04-09T21:22:07Z,188
83045,2013-03-04T07:04:42Z,239
13252,2012-11-08T10:23:22Z,239
83045,2013-06-22T23:51:27Z,351.92
13252,2012-11-05T14:03:00Z,186
83045,2013-01-30T11:20:13Z,238.57
83045,2012-11-20T07:53:17Z,229
83045,2013-05-04T14:19:34Z,262
13252,2013-02-03T14:56:09Z,220
13252,2013-03-19T22:18:31Z,202
83045,2013-05-31T00:59:00Z,319
73738,2013-05-20T19:13:22Z,150.38
83045,2013-02-06T08:02:16Z,199
83045,2013-03-11T13:14:28Z,244.95
83045,2013-03-12T21:22:40Z,219
13252,2012-12-24T07:44:45Z,209.47
83045,2013-05-16T11:57:37Z,319
83045,2013-05-12T16:18:50Z,232
13252,2012-12-08T10:38:19Z,179
73738,2012-12-08T10:38:19Z,109
13252,2013-02-21T10:03:38Z,131.57
13252,2013-05-21T08:42:09Z,148.05
83045,2013-01-22T10:55:53Z,219
13252,2012-11-04T19:27:35Z,185.78
73738,2013-05-14T22:22:19Z,164.05
13252,2013-06-20T16:35:59Z,241.65
73738,2013-06-20T16:35:59Z,172.33
13252,2012-11-05T13:29:20Z,178
13252,2013-01-16T22:42:07Z,237
83045,2013-06-05T08:43:46Z,339.29
83045,2013-05-15T05:36:17Z,302.84
83045,2013-02-14T15:33:25Z,249
83045,2013-03-11T20:14:37Z,226
83045,2013-05-01T16:56:28Z,319.66
13252,2013-05-23T16:46:25Z,167
73738,2013-05-23T16:46:25Z,179
83045,2013-05-09T17:23:05Z,199
83045,2013-04-10T20:42:08Z,239
83045,2013-04-18T21:51:18Z,219
13252,2012-12-09T19:03:38Z,229
13252,2013-04-14T19:34:35Z,259
83045,2012-11-20T10:41:19Z,238.76
13252,2012-12-14T11:20:55Z,188.74
73738,2012-12-14T11:20:55Z,108.57
83045,2013-04-02T00:07:09Z,259
83045,2013-03-09T23:06:32Z,238.51
83045,2013-02-05T23:05:53Z,316.32
83045,2013-06-27T21:27:51Z,347.93
73738,2013-03-08T11:40:32Z,116
73738,2012-11-05T14:40:22Z,134
83045,2012-12-05T23:25:12Z,171.14
13252,2013-04-28T19:17:01Z,181.96
73738,2013-04-28T19:17:01Z,130.82
13252,2013-03-17T21:23:31Z,212.09
73738,2013-02-21T09:59:33Z,98
83045,2013-03-17T15:57:35Z,259
83045,2013-06-30T14:35:05Z,252.22
13252,2013-05-11T10:02:00Z,219
83045,2013-06-17T11:18:35Z,259
83045,2013-01-01T23:01:35Z,199
13252,2013-05-18T13:57:41Z,169
73738,2013-05-18T13:57:41Z,194
83045,2012-11-07T09:52:05Z,239
83045,2013-02-08T17:57:02Z,219
83045,2013-05-27T16:34:55Z,338.76
73738,2013-05-09T12:30:18Z,129.12
13252,2013-01-29T17:30:37Z,238.79
73738,2013-01-29T17:30:37Z,152.86
13252,2013-05-15T21:52:36Z,232
83045,2013-02-09T16:26:41Z,239
83045,2013-02-07T20:44:55Z,238.54
13252,2013-06-03T12:21:37Z,379
83045,2013-04-02T20:42:26Z,346.92
83045,2012-12-09T11:34:54Z,179
83045,2013-02-04T06:50:27Z,209
13252,2013-01-04T17:13:25Z,108
73738,2013-01-04T17:13:25Z,109
73738,2013-01-01T14:48:27Z,128.85
83045,2013-04-23T19:34:36Z,263.91
83045,2012-12-08T13:59:29Z,219.19
83045,2013-06-20T12:20:57Z,334
83045,2013-04-08T10:20:22Z,334
13252,2013-01-01T11:39:22Z,159.05
73738,2013-01-01T11:39:22Z,108.72
13252,2013-01-12T18:28:04Z,169
83045,2012-12-30T05:44:27Z,209
73738,2012-11-01T22:07:32Z,124.44
83045,2013-03-12T16:20:56Z,269
73738,2013-01-25T01:38:27Z,189
83045,2013-05-18T18:26:46Z,311.94
13252,2012-12-15T10:04:46Z,279
73738,2012-12-15T10:04:46Z,116
83045,2013-01-04T11:59:45Z,360.69
83045,2013-01-06T20:54:43Z,248
13252,2013-04-13T20:14:44Z,160.81
73738,2013-04-13T20:14:44Z,148.97
83045,2013-02-27T20:33:59Z,239
83045,2013-01-09T20:14:42Z,179
13252,2013-05-04T19:05:15Z,239.09
73738,2012-12-04T21:55:32Z,92.68
83045,2013-02-16T21:44:08Z,199
13252,2013-01-14T09:13:57Z,207
73738,2013-02-12T21:40:07Z,114
13252,2012-11-07T22:24:29Z,239
83045,2013-05-18T21:13:01Z,257.86
83045,2012-11-15T10:28:33Z,199
83045,2012-11-26T20:51:17Z,244
13252,2012-12-05T10:56:31Z,179
83045,2013-01-06T18:52:11Z,219
83045,2012-11-19T09:46:33Z,209
13252,2013-06-13T21:13:42Z,364
73738,2013-06-13T21:13:42Z,174
13252,2013-01-01T13:03:57Z,159
73738,2013-01-01T13:03:57Z,109
83045,2013-02-15T08:32:20Z,237.02
83045,2013-03-18T16:05:46Z,237.11
13252,2013-06-18T22:18:25Z,334
13252,2013-06-07T14:54:57Z,167
13252,2012-11-21T17:18:47Z,254
83045,2013-03-31T12:24:58Z,244
83045,2013-04-26T12:57:28Z,349.4
83045,2013-03-26T17:38:22Z,349
13252,2013-01-16T17:30:03Z,319
73738,2013-01-16T17:30:03Z,178
13252,2013-02-11T21:08:41Z,365.25
83045,2013-04-11T14:17:00Z,332.51
73738,2013-04-13T15:07:26Z,184
83045,2013-01-29T15:53:31Z,248.25
83045,2013-05-14T22:21:17Z,244.19
83045,2012-11-20T10:38:49Z,251.81
83045,2013-06-05T11:56:13Z,259
13252,2013-02-23T23:20:07Z,217
73738,2013-02-23T23:20:07Z,178
83045,2013-03-12T21:14:43Z,239
13252,2013-06-18T19:29:02Z,212
73738,2013-06-18T19:29:02Z,130
73738,2013-06-07T18:47:35Z,131
13252,2013-01-08T16:55:19Z,199
83045,2012-11-11T12:58:33Z,219
73738,2013-06-20T12:46:04Z,128.04
13252,2013-03-06T09:02:49Z,215
83045,2013-03-12T11:21:08Z,252.94
73738,2013-06-01T07:08:27Z,144
83045,2013-04-20T09:50:16Z,252
83045,2013-02-19T21:36:12Z,268.39
83045,2012-12-12T10:50:20Z,219
83045,2012-12-10T23:19:35Z,189
13252,2012-11-08T15:37:56Z,159
73738,2012-11-08T15:37:56Z,112
83045,2013-06-12T21:12:19Z,259
13252,2013-05-29T15:53:28Z,301
13252,2013-03-05T19:01:24Z,215
83045,2013-05-01T13:50:09Z,257.75
83045,2013-03-05T12:27:19Z,259
13252,2013-02-15T18:55:36Z,197
83045,2013-02-27T16:02:10Z,245
83045,2013-03-27T22:19:49Z,219
83045,2013-02-12T13:04:11Z,219
83045,2013-01-26T23:14:30Z,199
83045,2013-04-05T13:17:56Z,226.11
83045,2013-01-15T10:27:07Z,219
83045,2013-06-09T13:14:07Z,266
83045,2013-02-12T16:50:02Z,219
83045,2013-05-14T14:20:28Z,266
83045,2013-03-18T23:54:10Z,219
83045,2013-05-11T22:21:53Z,245.85
73738,2013-05-14T08:35:07Z,144
83045,2013-06-17T22:26:20Z,334.85
83045,2013-04-24T18:54:48Z,316.08
73738,2013-05-29T23:47:24Z,185.79
73738,2013-03-04T12:46:51Z,169.34
13252,2012-12-14T14:04:29Z,198.88
83045,2013-06-02T07:54:19Z,329
83045,2013-06-23T21:03:31Z,238.78
13252,2012-11-19T08:39:25Z,209
73738,2012-11-19T08:39:25Z,164
83045,2012-11-10T14:04:41Z,179
83045,2013-01-09T22:32:34Z,209
83045,2013-04-08T08:46:08Z,239
13252,2013-05-08T18:16:29Z,354
73738,2013-05-08T18:16:29Z,149
13252,2013-01-10T09:21:30Z,186
73738,2013-01-10T09:21:30Z,109
83045,2013-05-30T21:24:24Z,259.3
83045,2013-06-13T11:18:12Z,279
13252,2013-03-27T08:31:57Z,206
73738,2013-03-27T08:31:57Z,144
13252,2013-04-18T19:24:28Z,212
73738,2013-04-18T19:24:28Z,130
13252,2013-05-01T11:27:35Z,246
83045,2013-01-18T22:14:13Z,209
73738,2013-06-24T10:39:39Z,194
83045,2013-01-08T19:41:16Z,224.79
83045,2013-05-24T12:45:05Z,334.24
83045,2013-05-08T16:47:49Z,258.31
83045,2013-03-11T10:28:11Z,239
13252,2013-05-15T14:43:25Z,169
13252,2013-06-19T17:23:15Z,334
73738,2013-06-19T17:23:15Z,179
73738,2013-04-03T21:36:10Z,161
73738,2013-02-15T03:07:40Z,126.19
83045,2013-02-28T23:04:35Z,239
83045,2012-11-25T13:18:29Z,349.41
13252,2013-03-16T15:36:43Z,254
73738,2013-06-20T21:05:08Z,169
83045,2013-01-12T17:23:57Z,209
83045,2013-05-30T20:30:10Z,239.61
83045,2013-06-29T17:24:15Z,332
13252,2013-02-13T13:38:43Z,210.62
83045,2013-03-31T17:52:03Z,243.53
83045,2013-01-26T19:24:49Z,349.19
83045,2013-04-20T06:37:10Z,246
83045,2012-11-11T22:01:32Z,349.43
83045,2013-02-27T12:11:28Z,265.07
83045,2013-01-15T12:39:22Z,199
83045,2012-11-20T11:29:01Z,199
83045,2013-01-13T22:00:38Z,224.4
83045,2013-03-12T14:29:41Z,239
13252,2012-11-11T16:11:41Z,218.55
83045,2013-06-20T23:22:27Z,361
13252,2013-04-11T10:40:28Z,222
73738,2012-12-03T09:26:54Z,93
13252,2013-03-13T20:48:26Z,200
73738,2013-03-13T20:48:26Z,129
83045,2013-03-15T21:58:31Z,226
83045,2012-12-05T15:36:31Z,212.46
83045,2013-01-21T16:43:22Z,242.68
73738,2013-02-24T00:36:38Z,174.6
83045,2013-03-15T00:11:14Z,232
83045,2012-11-27T14:46:39Z,159
13252,2013-01-18T11:36:14Z,195
13252,2013-06-27T10:17:43Z,309.25
73738,2013-06-27T10:17:43Z,144.13
83045,2012-12-05T12:31:39Z,179
83045,2012-12-03T09:27:11Z,238.9
13252,2012-12-11T20:42:18Z,194
73738,2012-12-11T20:42:18Z,159
73738,2012-12-04T11:49:32Z,109
13252,2012-11-05T07:29:44Z,271
13252,2012-12-15T10:37:00Z,189
83045,2012-11-14T09:10:59Z,189
13252,2013-06-02T20:19:02Z,329
73738,2013-06-02T20:19:02Z,152
73738,2013-04-30T21:35:54Z,176.71
83045,2013-01-22T23:26:23Z,219.78
83045,2012-11-20T18:02:26Z,199
13252,2013-05-08T16:55:19Z,159
13252,2013-02-15T12:26:31Z,195.75
83045,2013-05-28T20:08:29Z,259
73738,2013-05-29T17:42:00Z,144
83045,2013-04-30T12:33:01Z,249
13252,2013-06-01T13:57:07Z,240
83045,2013-02-05T21:50:40Z,192
83045,2013-05-29T21:47:16Z,319
83045,2013-03-21T07:08:05Z,219
83045,2013-05-23T18:26:52Z,239
83045,2013-01-05T09:36:56Z,226
83045,2013-05-30T13:21:45Z,333.6
83045,2013-03-18T23:31:59Z,236
13252,2013-03-17T16:28:55Z,244
73738,2013-03-17T16:28:55Z,127
13252,2013-06-09T11:20:08Z,229
73738,2013-06-09T11:20:08Z,130
83045,2012-12-27T11:10:50Z,204
83045,2013-04-07T18:14:19Z,219
83045,2013-06-22T22:38:15Z,351.92
13252,2013-06-21T11:30:50Z,232.38
73738,2013-06-21T11:30:50Z,168.31
13252,2013-04-15T14:42:47Z,219
73738,2013-04-15T14:42:47Z,170
83045,2013-01-23T09:38:40Z,212
83045,2013-04-11T13:18:29Z,219.34
83045,2013-06-06T12:30:06Z,289
83045,2012-11-29T09:25:37Z,179
13252,2012-11-20T18:48:29Z,209
13252,2013-01-11T20:50:33Z,144
73738,2013-01-11T20:50:33Z,129
83045,2012-11-22T06:18:21Z,183.86
83045,2013-04-17T05:48:17Z,269
83045,2013-05-23T09:35:02Z,239
73738,2013-05-26T12:48:36Z,175
83045,2013-03-31T15:36:36Z,246.93
83045,2013-02-20T17:09:25Z,239
83045,2013-04-16T17:47:24Z,239.05
83045,2012-12-23T06:07:33Z,231.83
13252,2013-04-09T11:00:16Z,139
73738,2013-01-23T17:27:38Z,93.07
13252,2013-04-08T15:32:28Z,220
83045,2013-06-12T20:44:19Z,247.67
83045,2013-05-30T15:07:14Z,219
13252,2013-04-26T11:32:25Z,216
83045,2012-11-29T17:24:54Z,179
83045,2012-12-18T20:02:31Z,199.09
13252,2013-01-24T10:33:15Z,209.93
13252,2012-11-27T19:57:14Z,249
73738,2012-11-27T19:57:14Z,89
83045,2013-03-29T08:50:51Z,259
83045,2013-06-23T22:26:16Z,284
83045,2012-12-05T13:45:12Z,166
83045,2013-01-22T23:13:46Z,226.52
83045,2013-05-02T17:07:52Z,238.78
83045,2013-03-06T09:48:09Z,320.3
83045,2013-01-21T11:36:57Z,249
13252,2013-05-01T21:01:05Z,269
73738,2013-02-01T20:07:13Z,177.62
83045,2013-02-27T13:22:00Z,262
73738,2012-11-14T21:54:28Z,107
83045,2013-06-28T03:55:28Z,339
83045,2012-12-13T20:10:11Z,179
83045,2013-05-22T15:55:45Z,319
73738,2013-03-02T12:42:34Z,116
13252,2013-06-19T16:52:31Z,249.2
73738,2013-06-19T16:52:31Z,129.47
83045,2013-02-11T10:53:08Z,251.28
83045,2013-03-20T17:45:47Z,316.18
83045,2012-12-23T09:26:31Z,209.01
83045,2013-04-18T12:49:41Z,259
83045,2012-11-25T10:06:40Z,226
83045,2013-02-19T13:23:17Z,259
73738,2013-03-10T00:25:12Z,134
83045,2013-05-30T10:35:53Z,319.81
83045,2012-11-16T14:53:19Z,228.58
83045,2013-03-24T18:56:25Z,333.54
83045,2013-06-12T21:01:35Z,259
73738,2012-11-23T22:27:33Z,89
13252,2012-11-30T10:08:40Z,191.07
83045,2012-12-27T10:35:23Z,209
13252,2012-12-05T17:54:06Z,169
83045,2013-04-15T10:06:17Z,226.21
13252,2013-04-16T15:25:24Z,239
83045,2012-12-14T05:03:10Z,219
83045,2013-05-15T20:13:15Z,236.56
13252,2013-05-24T12:08:31Z,159
73738,2013-05-24T12:08:31Z,130
13252,2013-01-21T19:40:51Z,195
73738,2013-01-21T19:40:51Z,179
13252,2012-12-02T21:00:29Z,239
73738,2012-12-02T21:00:29Z,109
83045,2013-05-24T08:04:09Z,237.45
13252,2013-06-15T18:58:26Z,229
13252,2013-06-27T16:08:35Z,209
13252,2013-06-17T14:23:34Z,309
73738,2013-06-17T14:23:34Z,194
83045,2013-05-17T14:01:15Z,242.62
83045,2013-02-23T16:42:29Z,239
83045,2013-04-07T21:37:27Z,239
13252,2013-04-18T19:03:12Z,203.21
83045,2013-02-13T07:59:39Z,252
83045,2013-02-25T13:36:24Z,239
83045,2013-02-24T18:26:22Z,189
83045,2013-04-28T21:22:10Z,346.32
13252,2013-05-31T21:18:49Z,248.67
73738,2013-05-31T21:18:49Z,143.61
73738,2013-06-20T22:44:51Z,169
13252,2012-11-09T12:03:01Z,266
13252,2013-01-09T12:03:32Z,177.2
73738,2013-01-09T12:03:32Z,148.85
13252,2013-05-25T07:55:54Z,236
83045,2013-01-05T19:19:26Z,179
73738,2012-11-25T09:47:00Z,192
13252,2012-11-27T18:40:44Z,232
73738,2012-11-27T18:40:44Z,89
13252,2013-06-29T22:28:57Z,229
73738,2013-04-04T09:30:20Z,129
13252,2013-06-21T19:10:10Z,314
13252,2013-03-13T21:03:38Z,139
13252,2013-03-07T06:13:47Z,254
13252,2013-02-16T14:03:03Z,197
13252,2013-01-06T11:35:45Z,156
73738,2013-01-06T11:35:45Z,92.18
83045,2013-01-31T11:05:56Z,219
83045,2012-12-19T19:40:40Z,541
83045,2013-03-29T17:23:04Z,219
83045,2013-04-29T21:30:18Z,247.39
13252,2012-11-09T12:57:40Z,228.63
73738,2012-11-09T12:57:40Z,203.67
83045,2013-03-26T13:37:24Z,299
13252,2013-03-16T16:01:14Z,209
73738,2013-03-16T16:01:14Z,116
13252,2013-05-17T10:20:30Z,189
73738,2013-05-17T10:20:30Z,144
13252,2013-04-24T11:35:44Z,229
13252,2013-04-06T12:44:11Z,169
13252,2013-04-12T23:38:52Z,212
83045,2012-12-14T12:44:27Z,182.8
83045,2013-01-30T21:45:19Z,218.69
83045,2012-11-01T15:59:28Z,279
83045,2012-12-05T20:14:19Z,179
13252,2013-01-10T17:24:07Z,218.27
13252,2013-06-19T10:43:33Z,206
73738,2013-06-19T10:43:33Z,194
73738,2013-03-27T10:56:31Z,109.25
13252,2013-01-11T14:11:51Z,186
73738,2013-01-11T14:11:51Z,109
83045,2013-04-02T09:07:15Z,224
83045,2013-05-26T22:16:03Z,199
13252,2012-11-05T07:41:47Z,277
73738,2012-11-05T07:41:47Z,164
73738,2013-03-03T12:47:43Z,98
83045,2013-04-01T14:08:32Z,219
73738,2013-05-15T20:42:48Z,184
73738,2013-03-23T20:52:49Z,189
83045,2013-04-14T16:30:15Z,252
83045,2013-05-15T21:32:02Z,239
83045,2013-03-17T00:04:11Z,299
13252,2013-03-29T17:23:03Z,188
73738,2013-03-29T17:23:03Z,149
83045,2013-04-30T10:43:20Z,239
73738,2013-05-16T13:43:36Z,127
83045,2013-04-12T15:22:58Z,247.98
83045,2013-02-25T15:45:25Z,219
83045,2013-06-22T19:05:53Z,308.36
83045,2013-04-17T01:32:05Z,247.42
83045,2013-01-03T15:00:02Z,242.69
83045,2013-05-06T11:31:27Z,238.19
83045,2013-01-23T18:20:24Z,198.44
13252,2013-03-30T22:40:05Z,152
13252,2012-12-19T20:51:35Z,191.14
73738,2012-12-19T20:51:35Z,99.11
13252,2012-12-12T14:49:20Z,189
13252,2012-12-20T07:14:43Z,179
73738,2012-12-20T07:14:43Z,109
83045,2013-06-09T19:52:07Z,319
13252,2013-04-18T01:29:06Z,277.09
13252,2012-12-27T14:14:05Z,169
73738,2013-06-27T10:48:12Z,169
83045,2013-03-02T21:31:00Z,239
83045,2013-02-11T07:30:59Z,209
13252,2013-04-04T12:51:38Z,107
73738,2013-04-04T12:51:38Z,134
73738,2013-05-16T11:26:55Z,152
83045,2013-05-06T22:39:31Z,257.36
13252,2013-02-23T22:33:00Z,197
83045,2013-02-18T11:06:28Z,239
73738,2013-05-31T20:30:02Z,144
73738,2012-12-28T18:35:07Z,96
83045,2013-01-27T19:32:34Z,199
83045,2013-05-20T19:14:07Z,175.44
83045,2013-02-01T15:56:48Z,215.29
83045,2013-06-28T13:59:46Z,317.63
13252,2013-05-14T20:32:04Z,189
13252,2013-04-19T17:06:40Z,236.7
13252,2013-02-15T06:30:10Z,188
73738,2013-02-15T06:30:10Z,129
83045,2013-02-28T13:27:18Z,227.05
83045,2013-06-29T20:38:48Z,43.06
73738,2013-04-11T18:56:46Z,189
83045,2013-05-12T21:04:34Z,319
13252,2013-04-22T09:01:02Z,234
83045,2013-04-20T20:56:00Z,199
13252,2013-02-19T23:37:24Z,215
73738,2013-02-19T23:37:24Z,109
13252,2013-04-28T10:31:14Z,235
73738,2013-04-28T10:31:14Z,153
83045,2012-12-28T01:06:29Z,219
73738,2013-06-13T00:08:17Z,130
83045,2013-04-07T02:02:22Z,219
83045,2012-11-12T13:54:46Z,219
73738,2013-05-04T09:29:48Z,130
83045,2013-03-17T19:06:27Z,219.13
83045,2012-11-02T12:11:58Z,339
83045,2013-01-23T03:43:30Z,331
13252,2013-02-08T21:36:44Z,278
73738,2013-03-02T15:48:19Z,140
13252,2013-05-07T14:38:23Z,183
83045,2013-03-06T18:57:06Z,219
83045,2013-05-03T09:12:59Z,240.19
83045,2013-03-16T13:19:35Z,249
83045,2013-02-02T14:02:46Z,199
83045,2013-03-18T13:36:47Z,238.7
83045,2013-03-08T20:04:49Z,219
13252,2013-06-01T22:44:36Z,249
83045,2013-05-22T11:23:13Z,232
73738,2013-03-25T20:15:38Z,109
13252,2013-06-22T10:05:50Z,229
73738,2013-06-22T10:05:50Z,169
83045,2013-04-05T07:41:13Z,259
13252,2012-11-15T22:37:58Z,198.8
73738,2012-11-15T22:37:58Z,106.89
13252,2013-03-14T21:39:57Z,215
83045,2013-02-25T09:15:05Z,218.28
83045,2012-11-27T11:22:05Z,179
73738,2013-04-05T09:41:17Z,153
83045,2013-03-26T09:00:24Z,239
83045,2012-11-18T11:45:20Z,159
13252,2012-11-15T17:20:12Z,228.77
73738,2012-11-15T17:20:12Z,106.89
73738,2012-11-13T16:23:06Z,107
73738,2013-01-17T18:53:08Z,34.35
83045,2013-03-04T22:15:55Z,266
13252,2013-01-12T01:20:18Z,144
73738,2013-01-12T01:20:18Z,129
83045,2013-06-23T14:42:08Z,286
13252,2012-12-08T11:20:11Z,164.01
73738,2012-12-08T11:20:11Z,131.12
13252,2012-12-30T21:08:13Z,193.89
13252,2013-02-11T21:10:05Z,379.18
83045,2013-02-27T16:03:13Z,240.01
13252,2013-03-11T09:12:25Z,197.04
13252,2013-01-06T14:21:48Z,190
13252,2013-03-11T20:00:51Z,224
83045,2013-01-04T10:54:02Z,179
83045,2013-04-25T16:56:37Z,248.46
13252,2013-03-31T01:24:43Z,149
83045,2013-05-31T12:42:00Z,239
83045,2013-05-02T11:21:29Z,252
83045,2013-04-07T21:00:07Z,259
13252,2013-04-19T22:01:06Z,237.57
13252,2013-04-27T09:24:24Z,228
13252,2013-01-11T16:05:30Z,104
13252,2012-12-22T12:28:42Z,159
83045,2013-02-16T09:04:31Z,179.07
13252,2013-02-18T19:06:13Z,203.82
83045,2013-01-25T23:12:52Z,219
13252,2013-06-27T14:27:37Z,194
13252,2012-11-07T17:21:34Z,209
83045,2013-01-04T15:04:56Z,329.33
83045,2013-02-22T18:14:20Z,226
73738,2012-12-29T18:54:33Z,159
13252,2013-04-08T14:58:25Z,186
73738,2013-04-08T14:58:25Z,129
13252,2013-06-21T18:03:32Z,239
73738,2013-05-13T10:44:53Z,183.79
83045,2012-11-09T14:35:51Z,199
83045,2013-06-27T12:09:12Z,334.07
83045,2013-03-17T07:34:57Z,239
83045,2013-05-23T17:47:35Z,239
83045,2013-01-09T08:19:50Z,219
83045,2013-01-08T16:43:48Z,219
83045,2013-06-01T22:30:57Z,223.01
13252,2012-12-25T12:05:07Z,179
83045,2012-12-08T09:02:51Z,319
83045,2013-03-18T20:03:01Z,259
83045,2013-02-01T19:12:56Z,199
83045,2013-06-09T22:14:27Z,319
13252,2013-02-17T09:14:48Z,169
13252,2013-06-24T10:43:23Z,354
83045,2013-06-13T09:41:34Z,288.92
83045,2013-03-31T17:10:05Z,246
83045,2013-02-07T11:44:17Z,239
83045,2013-05-26T05:21:26Z,319
83045,2013-06-13T19:05:43Z,279
83045,2012-11-27T09:38:54Z,166
83045,2013-05-07T14:24:02Z,338.74
83045,2013-05-03T12:50:27Z,321.35
83045,2013-02-28T23:18:39Z,319
83045,2013-03-31T11:44:12Z,239
83045,2013-05-21T13:06:17Z,230.37
13252,2013-06-04T15:31:08Z,217.56
73738,2013-06-04T15:31:08Z,143.11
83045,2013-04-03T21:10:57Z,319.07
83045,2013-06-19T13:32:53Z,262.58
13252,2013-06-01T09:08:21Z,249
83045,2013-04-05T11:32:09Z,242.56
73738,2013-03-09T22:44:22Z,144.34
73738,2013-06-27T16:52:26Z,204
83045,2013-04-17T22:11:46Z,236.82
83045,2013-06-19T06:23:13Z,249
13252,2013-04-29T11:25:00Z,359
73738,2013-04-29T11:25:00Z,184
13252,2012-12-28T11:02:23Z,163.49
13252,2013-02-27T22:17:34Z,305
83045,2013-03-10T16:13:21Z,239.27
83045,2013-04-11T11:32:25Z,239
13252,2013-02-19T19:03:58Z,176
13252,2013-05-23T18:46:57Z,154
73738,2013-02-15T12:31:26Z,127
13252,2013-05-19T22:50:40Z,191
73738,2013-05-19T22:50:40Z,130
83045,2012-12-02T14:38:51Z,219
13252,2013-06-16T11:07:10Z,339
13252,2012-11-02T17:51:01Z,203
73738,2012-11-02T17:51:01Z,124
13252,2013-04-04T10:54:01Z,107
73738,2013-04-04T10:54:01Z,129
13252,2012-12-06T12:14:47Z,199
73738,2012-12-06T12:14:47Z,93
73738,2013-01-23T22:53:12Z,178
83045,2012-11-07T16:11:04Z,199
83045,2012-11-06T13:11:44Z,219.12
83045,2013-03-10T18:14:34Z,239
83045,2013-05-05T18:06:30Z,334
13252,2013-06-16T19:08:34Z,329.4
73738,2013-06-16T19:08:34Z,169.12
73738,2013-05-16T23:02:09Z,191.27
83045,2013-01-25T10:12:11Z,259
83045,2013-03-09T21:05:42Z,242
83045,2012-11-01T11:40:14Z,186
73738,2013-02-10T12:36:27Z,129
83045,2013-03-06T21:13:41Z,232
13252,2012-12-23T17:14:35Z,159.08
73738,2012-12-23T17:14:35Z,108.74
13252,2013-03-19T18:13:12Z,179
73738,2013-03-19T18:13:12Z,98
13252,2013-05-01T11:17:51Z,189
73738,2013-06-13T12:38:34Z,144.7
13252,2013-03-15T17:03:40Z,197
73738,2013-03-15T17:03:40Z,129
13252,2013-06-22T12:59:02Z,229
73738,2013-06-22T12:59:02Z,169
13252,2013-04-12T21:27:26Z,194.36
73738,2013-04-12T21:27:26Z,129.24
13252,2012-11-23T20:44:56Z,204
83045,2012-12-29T20:01:57Z,349.01
13252,2013-06-08T13:07:40Z,329
13252,2012-11-10T19:15:52Z,208.67
73738,2012-11-10T19:15:52Z,106.83
83045,2012-12-06T22:43:18Z,289.25
13252,2013-01-21T01:00:57Z,189.06
83045,2013-04-06T19:46:37Z,238.8
83045,2013-04-22T11:22:41Z,219
83045,2013-05-29T11:26:15Z,239
83045,2013-01-27T16:04:23Z,219
13252,2013-01-19T00:05:01Z,197
13252,2013-05-15T19:35:39Z,187.06
73738,2013-05-15T19:35:39Z,141.77
83045,2013-02-19T14:52:49Z,179
13252,2013-05-28T13:06:04Z,249
83045,2013-03-08T10:23:14Z,219
83045,2013-04-01T15:59:26Z,259
83045,2012-11-16T14:46:19Z,199
13252,2013-02-20T13:36:25Z,131
73738,2013-02-20T13:36:25Z,170
13252,2013-04-05T15:16:08Z,219
83045,2013-03-11T17:23:39Z,246
13252,2013-05-26T19:50:37Z,159
73738,2013-05-26T19:50:37Z,144
13252,2013-02-23T22:11:47Z,224
73738,2013-02-15T18:49:18Z,98.37
83045,2013-05-09T19:15:52Z,239
13252,2012-12-16T15:13:24Z,165.4
73738,2012-12-16T15:13:24Z,98.43
83045,2013-06-08T16:10:26Z,319.09
13252,2013-05-31T15:47:17Z,259
83045,2013-02-24T20:30:55Z,252
13252,2013-02-11T18:29:27Z,314
73738,2013-02-11T18:29:27Z,189
13252,2013-06-18T19:18:08Z,242
73738,2013-06-18T19:18:08Z,170
83045,2013-04-02T14:20:19Z,241.63
83045,2013-01-06T01:45:56Z,199
13252,2012-12-13T11:05:06Z,159.41
13252,2012-11-06T15:49:24Z,186
73738,2012-11-06T15:49:24Z,204
73738,2013-04-28T09:54:33Z,152
13252,2013-05-31T16:43:20Z,259
73738,2013-05-31T16:43:20Z,204
83045,2012-12-08T13:34:58Z,179
73738,2013-06-10T09:41:02Z,127
83045,2013-03-09T20:14:53Z,219
83045,2013-02-14T04:40:11Z,232
83045,2013-01-21T17:28:20Z,224.79
83045,2013-02-06T13:38:48Z,204.22
13252,2013-01-08T08:36:57Z,169.25
73738,2013-01-08T08:36:57Z,178.37
83045,2013-03-18T16:32:00Z,248.82
13252,2013-03-09T22:52:18Z,265
73738,2013-03-09T22:52:18Z,189
83045,2013-03-20T13:36:26Z,269.01
83045,2013-02-17T18:37:25Z,219
83045,2013-03-21T09:52:29Z,240.13
83045,2013-03-29T11:08:33Z,249.01
13252,2013-03-08T09:20:03Z,260.52
73738,2013-03-08T09:20:03Z,189.56
83045,2012-12-08T13:01:03Z,205.56
83045,2012-11-02T22:52:48Z,239
83045,2013-06-20T15:15:16Z,339
83045,2013-01-25T23:27:45Z,196
83045,2013-03-24T18:40:57Z,219.31
83045,2013-03-06T21:51:16Z,227
13252,2013-04-15T18:09:12Z,288
73738,2013-04-15T18:09:12Z,184
13252,2012-11-28T17:11:23Z,207
83045,2013-05-28T13:48:55Z,334
13252,2012-12-06T20:29:07Z,209
13252,2013-03-19T21:23:37Z,179
73738,2013-03-19T21:23:37Z,109
83045,2013-03-06T11:39:28Z,219
13252,2013-04-08T17:58:53Z,274.6
73738,2013-04-08T17:58:53Z,152.56
83045,2013-03-02T09:11:32Z,245.11
73738,2013-03-12T21:38:44Z,128.69
83045,2013-04-28T18:20:10Z,259
13252,2013-06-22T19:09:14Z,269
13252,2013-06-02T00:28:22Z,329
13252,2013-02-08T12:27:27Z,219.19
83045,2013-04-03T16:17:06Z,240.03
83045,2013-05-15T14:26:05Z,242
83045,2013-05-25T15:42:43Z,258.62
13252,2013-06-11T19:33:03Z,239
83045,2012-12-05T18:22:03Z,199
83045,2013-04-12T17:04:07Z,252
83045,2013-01-10T16:47:11Z,249
73738,2012-12-01T18:43:38Z,92.52
13252,2012-12-05T15:22:20Z,171
73738,2012-12-05T15:22:20Z,98
13252,2013-06-04T13:54:56Z,229
83045,2013-03-24T19:18:17Z,278.54
13252,2013-04-25T15:25:10Z,239
13252,2013-03-10T15:24:32Z,256
73738,2013-03-10T15:24:32Z,189
83045,2013-06-10T00:51:53Z,326.97
13252,2012-11-24T15:55:07Z,238.69
13252,2012-11-22T19:08:34Z,209
13252,2013-04-22T10:58:52Z,169
13252,2012-11-01T10:16:16Z,184
73738,2012-11-01T10:16:16Z,164
13252,2013-06-14T09:44:46Z,209
83045,2013-03-09T20:15:37Z,219
83045,2013-04-01T20:11:02Z,259
83045,2013-02-15T18:14:42Z,217.55
83045,2013-02-12T09:35:08Z,198.9
83045,2013-06-30T10:07:07Z,349
13252,2013-06-04T18:27:01Z,219
73738,2013-06-04T18:27:01Z,130
83045,2013-05-03T00:13:04Z,252
73738,2012-11-21T17:41:34Z,101
13252,2012-12-14T09:05:29Z,189
13252,2013-02-05T12:41:54Z,211
73738,2013-02-05T12:41:54Z,98
83045,2013-05-25T17:51:43Z,349.2
83045,2013-03-14T14:04:14Z,239
83045,2013-02-16T07:35:23Z,269
83045,2013-04-29T02:58:54Z,212.79
13252,2013-03-26T00:27:47Z,158
83045,2013-02-28T23:31:23Z,259
13252,2012-11-05T13:24:50Z,229
13252,2012-12-01T21:00:22Z,315
73738,2012-12-01T21:00:22Z,118
13252,2013-03-07T12:03:02Z,224
13252,2013-06-21T04:27:59Z,199
13252,2012-11-02T22:41:41Z,186
73738,2012-11-02T22:41:41Z,117
83045,2013-04-04T08:30:43Z,219
13252,2013-06-02T11:04:32Z,219
83045,2013-03-10T12:41:44Z,252
13252,2013-04-22T20:29:59Z,194
73738,2013-04-22T20:29:59Z,170
83045,2013-04-29T16:21:03Z,219
13252,2012-12-04T12:43:50Z,199
73738,2012-12-04T12:43:50Z,98
83045,2013-01-25T20:10:48Z,229.1
83045,2013-02-03T12:49:22Z,319
83045,2013-03-04T10:12:17Z,219
83045,2013-05-24T15:39:56Z,249
83045,2012-11-07T01:19:09Z,239
13252,2013-02-20T01:39:05Z,224
83045,2013-03-01T14:14:19Z,216.54
83045,2013-04-01T20:28:28Z,245.87
83045,2013-02-28T20:09:50Z,258.1
83045,2012-11-16T13:42:59Z,179
13252,2012-12-06T16:15:32Z,209
73738,2012-12-06T16:15:32Z,109
13252,2013-06-04T19:49:18Z,249
73738,2013-06-04T19:49:18Z,130
83045,2013-04-23T15:57:29Z,244
83045,2012-11-06T13:16:33Z,244.75
83045,2013-03-20T13:15:23Z,227
13252,2013-03-26T09:47:08Z,162.39
73738,2013-03-26T09:47:08Z,109.24
13252,2013-03-26T23:10:06Z,215.53
73738,2013-03-26T23:10:06Z,109.24
13252,2013-01-27T15:31:22Z,195
73738,2013-01-27T15:31:22Z,189
73738,2012-12-31T11:36:23Z,109
83045,2013-04-27T19:08:22Z,263.04
83045,2012-12-25T20:22:03Z,218.58
83045,2013-03-17T15:43:46Z,218.39
13252,2013-06-12T16:58:54Z,309
83045,2013-05-27T11:42:49Z,317.92
83045,2013-06-06T14:29:03Z,319
73738,2012-12-18T21:21:33Z,109
83045,2013-01-28T11:32:18Z,219
83045,2012-11-19T12:02:20Z,263.93
83045,2013-02-03T09:17:56Z,319.15
73738,2013-02-11T21:34:38Z,179
13252,2013-02-07T15:03:18Z,219.46
73738,2013-06-17T21:27:51Z,169
13252,2013-05-23T19:57:55Z,227
13252,2012-11-03T22:29:34Z,177.75
73738,2012-11-03T22:29:34Z,147.62
73738,2013-05-12T08:17:52Z,152
83045,2013-06-02T18:14:07Z,259
13252,2012-12-16T17:05:46Z,186
73738,2012-12-16T17:05:46Z,98
13252,2013-03-20T19:39:29Z,160
73738,2013-04-07T17:51:07Z,166
13252,2013-06-05T13:58:28Z,272
13252,2013-04-26T12:29:56Z,169.17
73738,2013-06-27T20:12:52Z,164.17
83045,2013-05-06T18:03:27Z,259
83045,2012-12-14T16:37:39Z,192
83045,2013-05-18T12:19:32Z,233.44
83045,2013-02-20T20:17:35Z,224.62
13252,2013-05-13T16:39:07Z,151
73738,2013-05-13T16:39:07Z,157
83045,2013-04-26T14:06:37Z,222.19
83045,2013-06-04T22:25:28Z,349
13252,2013-04-20T01:21:16Z,188
13252,2013-05-29T12:54:28Z,360.35
73738,2013-05-29T12:54:28Z,153.61
83045,2013-06-04T21:34:57Z,314.58
73738,2013-05-01T11:26:05Z,144
13252,2013-06-01T15:48:34Z,239
73738,2013-06-01T15:48:34Z,127
83045,2013-04-08T11:56:24Z,259
13252,2013-06-30T09:53:52Z,244
73738,2013-06-14T23:42:08Z,194
83045,2013-05-22T21:12:01Z,267.91
83045,2013-03-06T13:20:05Z,218.02
13252,2013-05-05T14:44:13Z,235
83045,2013-05-19T13:14:08Z,233.44
13252,2013-04-02T12:28:15Z,212
83045,2013-06-26T01:07:02Z,349
83045,2013-05-23T18:39:33Z,199
83045,2013-04-07T21:32:20Z,239
13252,2013-06-18T11:19:28Z,259
83045,2013-06-03T21:53:24Z,320.35
83045,2013-04-03T19:13:36Z,328
13252,2013-03-25T07:25:20Z,215
13252,2013-04-03T00:29:01Z,246
13252,2013-06-25T14:38:19Z,246
73738,2013-03-29T21:09:22Z,161
83045,2012-11-03T23:28:34Z,222.11
13252,2013-04-15T12:37:09Z,237
73738,2013-04-15T12:37:09Z,149
73738,2013-01-30T22:24:32Z,128.82
13252,2013-05-09T09:56:21Z,211
73738,2013-05-09T09:56:21Z,173
13252,2013-01-18T22:50:51Z,195
73738,2013-01-18T22:50:51Z,149
83045,2013-05-30T12:09:47Z,219
83045,2013-03-26T15:28:50Z,299
83045,2013-03-05T22:34:39Z,239
83045,2013-03-03T03:11:56Z,219.34
83045,2013-05-07T19:56:58Z,219
83045,2013-05-16T13:33:12Z,321.77
83045,2013-01-07T23:42:10Z,199.56
73738,2013-03-11T20:56:09Z,98.45
83045,2013-03-06T15:25:47Z,259
83045,2013-06-27T15:35:40Z,331
83045,2013-05-23T07:11:53Z,302.09
13252,2013-06-02T18:42:45Z,209
83045,2013-05-20T21:52:03Z,247.14
83045,2013-03-23T20:08:50Z,244.39
73738,2013-06-09T19:09:17Z,214
83045,2013-06-30T14:41:17Z,306.74
83045,2012-12-22T03:01:28Z,202.69
13252,2013-03-14T02:00:47Z,218
73738,2013-03-14T02:00:47Z,161
13252,2013-06-20T16:58:57Z,238.76
73738,2013-06-20T16:58:57Z,169.44
13252,2012-11-11T22:07:23Z,209
73738,2012-11-11T22:07:23Z,107
83045,2013-06-25T18:41:55Z,329
13252,2013-01-21T18:45:39Z,195
73738,2013-01-21T18:45:39Z,109
83045,2013-01-29T17:06:37Z,253.51
83045,2013-01-10T13:36:41Z,226.81
13252,2013-03-29T15:25:57Z,203
73738,2013-03-29T15:25:57Z,127
13252,2013-06-21T05:39:02Z,346
73738,2012-12-13T22:13:47Z,109
83045,2013-01-16T16:44:22Z,247.25
13252,2012-12-13T09:38:45Z,196
73738,2012-12-13T09:38:45Z,109
13252,2013-06-17T18:43:35Z,334
73738,2013-06-17T18:43:35Z,169
83045,2013-05-14T19:47:43Z,376
73738,2013-04-14T19:25:15Z,149
13252,2013-06-10T20:44:32Z,354.13
83045,2013-04-27T21:37:16Z,259
83045,2013-06-25T11:23:04Z,225
83045,2013-04-20T20:45:01Z,258.97
73738,2013-04-11T20:49:20Z,134
13252,2012-11-09T11:58:36Z,219
13252,2013-05-05T19:56:06Z,232.14
73738,2013-05-05T19:56:06Z,129.96
83045,2013-04-17T22:48:31Z,259
13252,2013-04-16T18:35:23Z,192
83045,2013-05-31T23:22:49Z,279
83045,2012-11-28T19:46:01Z,166.14
83045,2013-04-12T00:42:04Z,251.8
73738,2013-03-15T21:20:26Z,134.39
13252,2013-06-23T07:49:39Z,249
13252,2013-06-17T20:51:05Z,252.31
83045,2013-02-09T08:30:56Z,252
13252,2013-06-07T18:20:45Z,167
83045,2012-12-06T05:34:03Z,196
83045,2013-03-01T15:14:04Z,239
83045,2013-05-28T17:12:17Z,199
13252,2012-11-07T03:15:40Z,305
83045,2013-01-02T20:17:18Z,217.39
13252,2012-12-03T11:18:47Z,179
83045,2012-11-07T17:35:31Z,219.96
13252,2012-12-13T10:51:55Z,214
83045,2013-04-11T13:10:55Z,259
83045,2013-04-28T20:31:19Z,219
83045,2013-04-10T13:11:44Z,239
13252,2013-01-12T18:37:55Z,200
73738,2013-01-12T18:37:55Z,168.16
83045,2013-06-14T09:02:18Z,290
73738,2013-01-15T10:40:34Z,98
83045,2013-01-19T13:55:36Z,218.63
73738,2013-04-23T23:38:51Z,130
73738,2013-03-10T19:09:30Z,129
13252,2013-06-06T00:37:36Z,242
83045,2013-02-04T15:28:03Z,235
83045,2012-12-05T08:29:17Z,174.45
13252,2013-03-14T09:51:38Z,188.81
13252,2012-11-18T20:43:48Z,193
73738,2012-11-18T20:43:48Z,175
13252,2013-03-20T20:15:09Z,146.2
83045,2012-11-23T23:20:25Z,219.56
83045,2013-03-26T19:13:30Z,245.6
13252,2012-12-27T13:59:56Z,159
83045,2013-06-13T09:25:16Z,259
13252,2012-11-15T23:15:01Z,231
73738,2012-11-15T23:15:01Z,119
83045,2013-04-12T17:08:08Z,237.93
83045,2012-11-29T11:10:31Z,172.29
13252,2013-06-11T20:37:47Z,249.29
13252,2013-06-05T18:31:11Z,219
73738,2013-06-05T18:31:11Z,144
13252,2013-06-13T00:05:38Z,240.53
73738,2013-06-13T00:05:38Z,127.34
83045,2012-12-12T22:27:14Z,210.03
13252,2013-03-01T09:05:48Z,224
13252,2013-04-25T22:07:22Z,212
73738,2013-04-25T22:07:22Z,130
83045,2013-03-08T18:24:20Z,239
83045,2013-01-02T22:42:56Z,199
13252,2012-11-08T09:49:11Z,197.94
73738,2012-11-08T09:49:11Z,123.96
83045,2013-04-19T08:24:08Z,219
83045,2013-03-26T21:11:47Z,289
13252,2013-06-16T16:56:35Z,308.75
73738,2013-06-16T16:56:35Z,214.36
73738,2013-05-07T08:58:24Z,214
83045,2013-05-23T13:05:50Z,199.9
83045,2012-11-26T09:38:06Z,199
83045,2013-04-19T13:08:13Z,229
73738,2012-12-20T22:03:56Z,109.34
13252,2013-04-08T14:32:12Z,160
73738,2013-04-08T14:32:12Z,159
83045,2013-04-06T12:02:59Z,239
73738,2013-05-24T23:45:54Z,169
83045,2013-03-05T13:55:24Z,239
83045,2012-12-21T12:15:12Z,199
83045,2013-01-11T10:06:08Z,262
83045,2013-06-05T10:08:30Z,309
13252,2013-03-20T13:11:59Z,219
83045,2013-01-03T22:14:29Z,199
13252,2013-02-05T12:30:32Z,215
13252,2012-11-06T20:29:17Z,169
73738,2012-11-06T20:29:17Z,124
73738,2013-02-11T10:23:53Z,188
83045,2013-03-17T14:54:49Z,219.13
13252,2012-12-15T16:09:50Z,183.66
73738,2012-12-15T16:09:50Z,108.57
83045,2013-05-19T07:38:10Z,232
73738,2013-06-02T21:45:58Z,143.61
13252,2013-01-07T14:01:21Z,229
73738,2013-01-07T14:01:21Z,159
83045,2013-05-06T12:26:31Z,251.2
13252,2013-06-25T10:50:34Z,142
83045,2012-12-14T11:53:35Z,202
83045,2013-03-21T15:41:47Z,329.69
83045,2013-02-25T21:03:29Z,219
83045,2013-04-21T12:18:42Z,299
83045,2013-06-09T17:18:43Z,258.25
13252,2013-06-30T15:13:48Z,339
13252,2012-11-04T22:04:36Z,205.57
73738,2012-11-04T22:04:36Z,161.1
73738,2013-02-03T13:06:47Z,188
13252,2013-06-10T08:14:33Z,218.76
83045,2012-12-02T02:14:41Z,232
13252,2013-03-15T14:27:16Z,215
83045,2013-06-15T23:24:41Z,318.83
83045,2013-03-22T14:58:44Z,247.52
13252,2013-01-31T21:12:59Z,203.57
73738,2013-01-31T21:12:59Z,92.26
83045,2012-12-15T10:31:08Z,179
13252,2012-11-07T11:23:41Z,288
83045,2013-03-23T16:07:33Z,226.93
83045,2013-06-06T11:41:13Z,309
13252,2013-02-12T22:21:33Z,215.5
73738,2013-02-12T22:21:33Z,115.73
83045,2013-01-11T12:13:29Z,226.15
13252,2013-03-08T10:09:22Z,278.02
13252,2013-03-07T08:51:19Z,212
73738,2013-03-07T08:51:19Z,178
13252,2013-02-11T16:37:17Z,211
73738,2013-02-11T16:37:17Z,98
13252,2013-05-22T09:50:26Z,239
83045,2013-01-21T21:06:56Z,223
13252,2012-12-03T14:26:13Z,233
73738,2012-12-03T14:26:13Z,175
13252,2012-12-14T15:54:07Z,183
73738,2012-12-14T15:54:07Z,109
83045,2013-03-26T14:40:57Z,333.54
13252,2013-04-05T09:28:45Z,264.93
13252,2013-02-13T15:24:21Z,211
83045,2013-02-24T21:04:50Z,239.42
83045,2013-06-14T21:08:36Z,317.63
83045,2013-03-12T18:46:20Z,269
83045,2013-04-03T11:31:11Z,319.21
83045,2013-05-07T20:04:31Z,319
83045,2012-11-05T18:38:32Z,212
83045,2012-12-20T06:27:42Z,198.68
13252,2012-12-22T09:16:01Z,159
83045,2013-03-07T09:22:48Z,242
73738,2013-03-24T23:34:06Z,109.46
83045,2013-01-23T21:18:40Z,259
13252,2012-12-27T15:41:45Z,159
73738,2012-12-27T15:41:45Z,109
83045,2013-05-20T11:11:30Z,219
83045,2013-04-11T07:05:48Z,336.76
73738,2013-03-17T20:27:34Z,114
13252,2012-11-08T15:58:35Z,239
13252,2012-12-20T21:00:39Z,169
73738,2012-12-20T21:00:39Z,109
13252,2013-04-16T08:11:14Z,230.23
83045,2012-11-01T15:40:09Z,193.16
83045,2013-04-21T18:19:28Z,319
83045,2013-01-31T19:46:19Z,223.08
83045,2012-12-06T12:15:53Z,211.88
13252,2012-11-22T01:30:42Z,269
73738,2012-11-22T01:30:42Z,179
73738,2013-05-07T18:58:47Z,184
83045,2013-01-03T19:53:50Z,256.12
13252,2013-04-29T09:56:33Z,260
13252,2013-05-10T17:00:44Z,267.33
73738,2013-05-10T17:00:44Z,146.53
73738,2013-06-22T08:44:04Z,194
13252,2012-12-25T00:41:09Z,174.32
73738,2012-12-25T00:41:09Z,108.83
13252,2012-11-30T12:57:31Z,189
73738,2012-11-30T12:57:31Z,124
13252,2013-02-25T15:32:44Z,223.15
73738,2013-05-17T23:06:56Z,123.53
83045,2013-06-05T19:35:23Z,239
13252,2013-04-02T18:21:53Z,202
73738,2013-04-02T18:21:53Z,143
73738,2013-06-15T09:21:18Z,130
13252,2012-11-23T18:05:14Z,209
73738,2012-11-23T18:05:14Z,119
83045,2013-04-23T11:10:11Z,212
13252,2013-05-24T20:31:14Z,231
73738,2013-05-24T20:31:14Z,169
13252,2013-03-18T21:42:03Z,206
13252,2013-04-13T20:02:19Z,236.78
73738,2013-04-13T20:02:19Z,134.18
13252,2013-05-21T18:15:20Z,178
83045,2013-04-06T13:33:45Z,259
83045,2013-02-07T10:09:29Z,212.34
13252,2013-04-09T18:53:48Z,203
73738,2013-04-09T18:53:48Z,165
83045,2013-06-23T11:54:24Z,329.94
83045,2013-03-18T17:25:46Z,237.11
13252,2013-01-11T08:51:45Z,186
73738,2013-01-11T08:51:45Z,109
83045,2013-01-23T18:18:19Z,225.06
13252,2013-03-04T08:58:22Z,215
13252,2013-03-30T15:14:12Z,178
13252,2013-03-05T15:40:40Z,218
73738,2013-06-20T22:16:08Z,201.42
83045,2013-04-22T19:23:57Z,249
13252,2013-05-31T14:24:39Z,249
13252,2013-04-01T15:11:09Z,146
73738,2013-04-01T15:11:09Z,179
83045,2012-11-26T10:19:59Z,234
83045,2013-06-18T14:54:23Z,347
73738,2013-06-22T11:56:44Z,130
83045,2013-01-27T06:32:42Z,259
83045,2013-04-10T22:13:11Z,227
83045,2013-06-30T20:09:46Z,239.42
83045,2013-05-27T17:36:18Z,259.9
73738,2012-12-26T02:24:16Z,115.66
83045,2013-03-20T13:10:18Z,218.84
13252,2013-02-09T21:39:08Z,202
73738,2013-02-09T21:39:08Z,129
83045,2013-02-25T05:56:57Z,222.82
13252,2013-03-17T10:15:26Z,219
83045,2013-01-10T09:41:56Z,227.83
13252,2013-05-26T18:03:36Z,256
83045,2013-05-28T15:52:04Z,192.33
83045,2012-12-26T15:14:35Z,178.5
13252,2013-06-21T17:19:39Z,248.64
13252,2013-01-25T10:56:40Z,169.02
83045,2013-06-25T13:04:10Z,319.47
83045,2013-06-23T19:33:52Z,279
83045,2013-04-18T17:22:44Z,224
13252,2012-11-08T09:39:34Z,197.94
83045,2013-03-17T09:17:30Z,331.01
83045,2013-02-21T19:11:13Z,235
83045,2013-01-10T14:52:52Z,247.37
73738,2013-02-25T09:37:32Z,171
83045,2013-05-19T18:47:40Z,241.34
83045,2012-11-17T18:05:33Z,178.87
73738,2013-03-23T18:58:02Z,188.62
13252,2013-04-04T02:47:19Z,134
73738,2013-04-04T02:47:19Z,189
83045,2013-05-29T08:54:01Z,259
13252,2013-04-30T22:57:54Z,206.49
73738,2013-04-30T22:57:54Z,192.59
83045,2013-05-27T09:59:58Z,259
13252,2013-02-22T22:23:33Z,208
83045,2013-05-09T19:18:37Z,233.41
83045,2013-03-14T09:47:57Z,256
13252,2013-03-19T17:01:55Z,185
73738,2013-04-27T12:51:00Z,131.49
83045,2013-02-15T22:59:03Z,230.83
83045,2013-01-23T19:05:52Z,266
13252,2013-03-07T13:36:18Z,239.95
83045,2013-03-30T12:15:31Z,231.96
83045,2013-03-19T09:51:34Z,269
13252,2013-06-10T16:30:00Z,328.62
83045,2013-04-19T17:07:22Z,259
83045,2013-05-05T15:53:39Z,259
13252,2013-03-04T10:43:58Z,215
83045,2013-01-19T05:05:35Z,219
73738,2012-11-27T19:27:04Z,93
13252,2013-06-25T17:10:12Z,249.17
73738,2013-06-25T17:10:12Z,143.6
13252,2013-01-03T18:55:05Z,108
13252,2012-11-03T22:10:26Z,169
73738,2012-11-03T22:10:26Z,124
13252,2013-02-23T20:00:53Z,199
73738,2013-02-28T10:50:48Z,152
13252,2013-03-31T23:44:35Z,150
73738,2013-05-16T23:32:19Z,204
83045,2013-04-23T04:05:42Z,259.34
83045,2012-11-10T10:31:17Z,206
13252,2013-05-15T09:10:27Z,252
83045,2013-02-08T17:19:56Z,234
83045,2013-02-25T15:15:02Z,217.43
83045,2013-01-11T17:39:26Z,240.16
13252,2013-01-03T22:22:26Z,135
73738,2013-01-03T22:22:26Z,179
13252,2012-11-10T07:04:53Z,339.46
73738,2012-11-10T07:04:53Z,203.67
83045,2013-06-21T12:52:55Z,349
13252,2012-12-08T11:23:25Z,179
83045,2013-04-17T08:59:02Z,226.74
73738,2013-06-17T09:12:59Z,169
83045,2012-12-25T19:00:51Z,188.54
13252,2013-01-15T13:02:59Z,164.58
73738,2013-01-15T13:02:59Z,129.03
13252,2013-06-26T19:49:14Z,195.8
73738,2013-04-03T23:05:56Z,134
83045,2013-06-26T07:42:21Z,339
83045,2013-01-13T16:59:27Z,225
13252,2013-02-25T22:27:46Z,197
73738,2013-02-25T22:27:46Z,109
83045,2013-01-11T14:22:44Z,229.11
13252,2013-06-15T12:38:08Z,339
73738,2013-06-15T12:38:08Z,169
83045,2013-06-28T19:53:11Z,327.83
