ds,share,price
2016-01-01,amzn,NA
2016-01-02,amzn,NA
2016-01-03,amzn,NA
2016-01-04,amzn,636.98999
2016-01-05,amzn,633.789978
2016-01-06,amzn,632.650024
2016-01-07,amzn,607.940002
2016-01-08,amzn,607.049988
2016-01-09,amzn,NA
2016-01-10,amzn,NA
2016-01-11,amzn,617.73999
2016-01-12,amzn,617.890015
2016-01-13,amzn,581.809998
2016-01-14,amzn,593
2016-01-15,amzn,570.179993
2016-01-16,amzn,NA
2016-01-17,amzn,NA
2016-01-18,amzn,NA
2016-01-19,amzn,574.47998
2016-01-20,amzn,571.77002
2016-01-21,amzn,575.02002
2016-01-22,amzn,596.380005
2016-01-23,amzn,NA
2016-01-24,amzn,NA
2016-01-25,amzn,596.530029
2016-01-26,amzn,601.25
2016-01-27,amzn,583.349976
2016-01-28,amzn,635.349976
2016-01-29,amzn,587
2016-01-30,amzn,NA
2016-01-31,amzn,NA
2016-02-01,amzn,574.809998
2016-02-02,amzn,552.099976
2016-02-03,amzn,531.070007
2016-02-04,amzn,536.26001
2016-02-05,amzn,502.130005
2016-02-06,amzn,NA
2016-02-07,amzn,NA
2016-02-08,amzn,488.100006
2016-02-09,amzn,482.070007
2016-02-10,amzn,490.480011
2016-02-11,amzn,503.820007
2016-02-12,amzn,507.079987
2016-02-13,amzn,NA
2016-02-14,amzn,NA
2016-02-15,amzn,NA
2016-02-16,amzn,521.099976
2016-02-17,amzn,534.099976
2016-02-18,amzn,525
2016-02-19,amzn,534.900024
2016-02-20,amzn,NA
2016-02-21,amzn,NA
2016-02-22,amzn,559.5
2016-02-23,amzn,552.940002
2016-02-24,amzn,554.039978
2016-02-25,amzn,555.150024
2016-02-26,amzn,555.22998
2016-02-27,amzn,NA
2016-02-28,amzn,NA
2016-02-29,amzn,552.52002
2016-03-01,amzn,579.039978
2016-03-02,amzn,580.210022
2016-03-03,amzn,577.48999
2016-03-04,amzn,575.140015
2016-03-05,amzn,NA
2016-03-06,amzn,NA
2016-03-07,amzn,562.799988
2016-03-08,amzn,560.26001
2016-03-09,amzn,559.469971
2016-03-10,amzn,558.929993
2016-03-11,amzn,569.609985
2016-03-12,amzn,NA
2016-03-13,amzn,NA
2016-03-14,amzn,573.369995
2016-03-15,amzn,577.02002
2016-03-16,amzn,574.27002
2016-03-17,amzn,559.440002
2016-03-18,amzn,552.080017
2016-03-19,amzn,NA
2016-03-20,amzn,NA
2016-03-21,amzn,553.97998
2016-03-22,amzn,560.47998
2016-03-23,amzn,569.630005
2016-03-24,amzn,582.950012
2016-03-25,amzn,NA
2016-03-26,amzn,NA
2016-03-27,amzn,NA
2016-03-28,amzn,579.869995
2016-03-29,amzn,593.859985
2016-03-30,amzn,598.690002
2016-03-31,amzn,593.640015
2016-04-01,amzn,598.5
2016-04-02,amzn,NA
2016-04-03,amzn,NA
2016-04-04,amzn,593.190002
2016-04-05,amzn,586.140015
2016-04-06,amzn,602.080017
2016-04-07,amzn,591.429993
2016-04-08,amzn,594.599976
2016-04-09,amzn,NA
2016-04-10,amzn,NA
2016-04-11,amzn,595.929993
2016-04-12,amzn,603.169983
2016-04-13,amzn,614.820007
2016-04-14,amzn,620.75
2016-04-15,amzn,625.890015
2016-04-16,amzn,NA
2016-04-17,amzn,NA
2016-04-18,amzn,635.349976
2016-04-19,amzn,627.900024
2016-04-20,amzn,632.98999
2016-04-21,amzn,631
2016-04-22,amzn,620.5
2016-04-23,amzn,NA
2016-04-24,amzn,NA
2016-04-25,amzn,626.200012
2016-04-26,amzn,616.880005
2016-04-27,amzn,606.570007
2016-04-28,amzn,602
2016-04-29,amzn,659.590027
2016-04-30,amzn,NA
2016-05-01,amzn,NA
2016-05-02,amzn,683.849976
2016-05-03,amzn,671.320007
2016-05-04,amzn,670.900024
2016-05-05,amzn,659.090027
2016-05-06,amzn,673.950012
2016-05-07,amzn,NA
2016-05-08,amzn,NA
2016-05-09,amzn,679.75
2016-05-10,amzn,703.070007
2016-05-11,amzn,713.22998
2016-05-12,amzn,717.929993
2016-05-13,amzn,709.919983
2016-05-14,amzn,NA
2016-05-15,amzn,NA
2016-05-16,amzn,710.659973
2016-05-17,amzn,695.27002
2016-05-18,amzn,697.450012
2016-05-19,amzn,698.52002
2016-05-20,amzn,702.799988
2016-05-21,amzn,NA
2016-05-22,amzn,NA
2016-05-23,amzn,696.75
2016-05-24,amzn,704.200012
2016-05-25,amzn,708.349976
2016-05-26,amzn,714.909973
2016-05-27,amzn,712.23999
2016-05-28,amzn,NA
2016-05-29,amzn,NA
2016-05-30,amzn,NA
2016-05-31,amzn,722.789978
2016-06-01,amzn,719.440002
2016-06-02,amzn,728.23999
2016-06-03,amzn,725.539978
2016-06-04,amzn,NA
2016-06-05,amzn,NA
2016-06-06,amzn,726.72998
2016-06-07,amzn,723.73999
2016-06-08,amzn,726.640015
2016-06-09,amzn,727.650024
2016-06-10,amzn,717.909973
2016-06-11,amzn,NA
2016-06-12,amzn,NA
2016-06-13,amzn,715.23999
2016-06-14,amzn,719.299988
2016-06-15,amzn,714.26001
2016-06-16,amzn,717.51001
2016-06-17,amzn,706.390015
2016-06-18,amzn,NA
2016-06-19,amzn,NA
2016-06-20,amzn,714.01001
2016-06-21,amzn,715.820007
2016-06-22,amzn,710.599976
2016-06-23,amzn,722.080017
2016-06-24,amzn,698.960022
2016-06-25,amzn,NA
2016-06-26,amzn,NA
2016-06-27,amzn,691.359985
2016-06-28,amzn,707.950012
2016-06-29,amzn,715.599976
2016-06-30,amzn,715.619995
2016-07-01,amzn,725.679993
2016-07-02,amzn,NA
2016-07-03,amzn,NA
2016-07-04,amzn,NA
2016-07-05,amzn,728.099976
2016-07-06,amzn,737.609985
2016-07-07,amzn,736.570007
2016-07-08,amzn,745.809998
2016-07-09,amzn,NA
2016-07-10,amzn,NA
2016-07-11,amzn,753.780029
2016-07-12,amzn,748.210022
2016-07-13,amzn,742.630005
2016-07-14,amzn,741.200012
2016-07-15,amzn,735.440002
2016-07-16,amzn,NA
2016-07-17,amzn,NA
2016-07-18,amzn,736.070007
2016-07-19,amzn,739.950012
2016-07-20,amzn,745.719971
2016-07-21,amzn,744.429993
2016-07-22,amzn,744.859985
2016-07-23,amzn,NA
2016-07-24,amzn,NA
2016-07-25,amzn,739.609985
2016-07-26,amzn,735.590027
2016-07-27,amzn,736.669983
2016-07-28,amzn,752.609985
2016-07-29,amzn,758.809998
2016-07-30,amzn,NA
2016-07-31,amzn,NA
2016-08-01,amzn,767.73999
2016-08-02,amzn,760.580017
2016-08-03,amzn,754.640015
2016-08-04,amzn,760.77002
2016-08-05,amzn,765.97998
2016-08-06,amzn,NA
2016-08-07,amzn,NA
2016-08-08,amzn,766.559998
2016-08-09,amzn,768.309998
2016-08-10,amzn,768.559998
2016-08-11,amzn,771.23999
2016-08-12,amzn,772.559998
2016-08-13,amzn,NA
2016-08-14,amzn,NA
2016-08-15,amzn,768.48999
2016-08-16,amzn,764.039978
2016-08-17,amzn,764.630005
2016-08-18,amzn,764.460022
2016-08-19,amzn,757.309998
2016-08-20,amzn,NA
2016-08-21,amzn,NA
2016-08-22,amzn,759.47998
2016-08-23,amzn,762.450012
2016-08-24,amzn,757.25
2016-08-25,amzn,759.219971
2016-08-26,amzn,769
2016-08-27,amzn,NA
2016-08-28,amzn,NA
2016-08-29,amzn,771.289978
2016-08-30,amzn,767.580017
2016-08-31,amzn,769.159973
2016-09-01,amzn,770.619995
2016-09-02,amzn,772.440002
2016-09-03,amzn,NA
2016-09-04,amzn,NA
2016-09-05,amzn,NA
2016-09-06,amzn,788.869995
2016-09-07,amzn,784.47998
2016-09-08,amzn,784.059998
2016-09-09,amzn,760.140015
2016-09-10,amzn,NA
2016-09-11,amzn,NA
2016-09-12,amzn,771.48999
2016-09-13,amzn,761.01001
2016-09-14,amzn,761.090027
2016-09-15,amzn,769.690002
2016-09-16,amzn,778.52002
2016-09-17,amzn,NA
2016-09-18,amzn,NA
2016-09-19,amzn,775.099976
2016-09-20,amzn,780.219971
2016-09-21,amzn,789.73999
2016-09-22,amzn,804.700012
2016-09-23,amzn,805.75
2016-09-24,amzn,NA
2016-09-25,amzn,NA
2016-09-26,amzn,799.159973
2016-09-27,amzn,816.109985
2016-09-28,amzn,828.719971
2016-09-29,amzn,829.049988
2016-09-30,amzn,837.309998
2016-10-01,amzn,NA
2016-10-02,amzn,NA
2016-10-03,amzn,836.73999
2016-10-04,amzn,834.030029
2016-10-05,amzn,844.359985
2016-10-06,amzn,841.659973
2016-10-07,amzn,839.429993
2016-10-08,amzn,NA
2016-10-09,amzn,NA
2016-10-10,amzn,841.710022
2016-10-11,amzn,831
2016-10-12,amzn,834.090027
2016-10-13,amzn,829.280029
2016-10-14,amzn,822.960022
2016-10-15,amzn,NA
2016-10-16,amzn,NA
2016-10-17,amzn,812.950012
2016-10-18,amzn,817.650024
2016-10-19,amzn,817.690002
2016-10-20,amzn,810.320007
2016-10-21,amzn,818.98999
2016-10-22,amzn,NA
2016-10-23,amzn,NA
2016-10-24,amzn,838.090027
2016-10-25,amzn,835.179993
2016-10-26,amzn,822.590027
2016-10-27,amzn,818.359985
2016-10-28,amzn,776.320007
2016-10-29,amzn,NA
2016-10-30,amzn,NA
2016-10-31,amzn,789.820007
2016-11-01,amzn,785.409973
2016-11-02,amzn,765.559998
2016-11-03,amzn,767.030029
2016-11-04,amzn,755.049988
2016-11-05,amzn,NA
2016-11-06,amzn,NA
2016-11-07,amzn,784.929993
2016-11-08,amzn,787.75
2016-11-09,amzn,771.880005
2016-11-10,amzn,742.380005
2016-11-11,amzn,739.01001
2016-11-12,amzn,NA
2016-11-13,amzn,NA
2016-11-14,amzn,719.070007
2016-11-15,amzn,743.23999
2016-11-16,amzn,746.48999
2016-11-17,amzn,756.400024
2016-11-18,amzn,760.159973
2016-11-19,amzn,NA
2016-11-20,amzn,NA
2016-11-21,amzn,780
2016-11-22,amzn,785.330017
2016-11-23,amzn,780.119995
2016-11-24,amzn,NA
2016-11-25,amzn,780.369995
2016-11-26,amzn,NA
2016-11-27,amzn,NA
2016-11-28,amzn,766.77002
2016-11-29,amzn,762.52002
2016-11-30,amzn,750.570007
2016-12-01,amzn,743.650024
2016-12-02,amzn,740.340027
2016-12-03,amzn,NA
2016-12-04,amzn,NA
2016-12-05,amzn,759.359985
2016-12-06,amzn,764.719971
2016-12-07,amzn,770.419983
2016-12-08,amzn,767.330017
2016-12-09,amzn,768.659973
2016-12-10,amzn,NA
2016-12-11,amzn,NA
2016-12-12,amzn,760.119995
2016-12-13,amzn,774.340027
2016-12-14,amzn,768.820007
2016-12-15,amzn,761
2016-12-16,amzn,757.77002
2016-12-17,amzn,NA
2016-12-18,amzn,NA
2016-12-19,amzn,766
2016-12-20,amzn,771.219971
2016-12-21,amzn,770.599976
2016-12-22,amzn,766.340027
2016-12-23,amzn,760.590027
2016-12-24,amzn,NA
2016-12-25,amzn,NA
2016-12-26,amzn,NA
2016-12-27,amzn,771.400024
2016-12-28,amzn,772.130005
2016-12-29,amzn,765.150024
2016-12-30,amzn,749.869995
2016-12-31,amzn,NA
2017-01-01,amzn,NA
2017-01-02,amzn,NA
2017-01-03,amzn,753.669983
2017-01-04,amzn,757.179993
2017-01-05,amzn,780.450012
2017-01-06,amzn,795.98999
2017-01-07,amzn,NA
2017-01-08,amzn,NA
2017-01-09,amzn,796.919983
2017-01-10,amzn,795.900024
2017-01-11,amzn,799.02002
2017-01-12,amzn,813.640015
2017-01-13,amzn,817.140015
2017-01-14,amzn,NA
2017-01-15,amzn,NA
2017-01-16,amzn,NA
2017-01-17,amzn,809.719971
2017-01-18,amzn,807.47998
2017-01-19,amzn,809.039978
2017-01-20,amzn,808.330017
2017-01-21,amzn,NA
2017-01-22,amzn,NA
2017-01-23,amzn,817.880005
2017-01-24,amzn,822.440002
2017-01-25,amzn,836.52002
2017-01-26,amzn,839.150024
2017-01-27,amzn,835.77002
2017-01-28,amzn,NA
2017-01-29,amzn,NA
2017-01-30,amzn,830.380005
2017-01-31,amzn,823.47998
2017-02-01,amzn,832.349976
2017-02-02,amzn,839.950012
2017-02-03,amzn,810.200012
2017-02-04,amzn,NA
2017-02-05,amzn,NA
2017-02-06,amzn,807.640015
2017-02-07,amzn,812.5
2017-02-08,amzn,819.710022
2017-02-09,amzn,821.359985
2017-02-10,amzn,827.460022
2017-02-11,amzn,NA
2017-02-12,amzn,NA
2017-02-13,amzn,836.530029
2017-02-14,amzn,836.390015
2017-02-15,amzn,842.700012
2017-02-16,amzn,844.140015
2017-02-17,amzn,845.070007
2017-02-18,amzn,NA
2017-02-19,amzn,NA
2017-02-20,amzn,NA
2017-02-21,amzn,856.440002
2017-02-22,amzn,855.609985
2017-02-23,amzn,852.190002
2017-02-24,amzn,845.23999
2017-02-25,amzn,NA
2017-02-26,amzn,NA
2017-02-27,amzn,848.640015
2017-02-28,amzn,845.039978
2017-03-01,amzn,853.080017
2017-03-02,amzn,848.909973
2017-03-03,amzn,849.880005
2017-03-04,amzn,NA
2017-03-05,amzn,NA
2017-03-06,amzn,846.609985
2017-03-07,amzn,846.02002
2017-03-08,amzn,850.5
2017-03-09,amzn,853
2017-03-10,amzn,852.460022
2017-03-11,amzn,NA
2017-03-12,amzn,NA
2017-03-13,amzn,854.590027
2017-03-14,amzn,852.530029
2017-03-15,amzn,852.969971
2017-03-16,amzn,853.419983
2017-03-17,amzn,852.309998
2017-03-18,amzn,NA
2017-03-19,amzn,NA
2017-03-20,amzn,856.969971
2017-03-21,amzn,843.200012
2017-03-22,amzn,848.059998
2017-03-23,amzn,847.380005
2017-03-24,amzn,845.609985
2017-03-25,amzn,NA
2017-03-26,amzn,NA
2017-03-27,amzn,846.820007
2017-03-28,amzn,856
2017-03-29,amzn,874.320007
2017-03-30,amzn,876.340027
2017-03-31,amzn,886.539978
2017-04-01,amzn,NA
2017-04-02,amzn,NA
2017-04-03,amzn,891.51001
2017-04-04,amzn,906.830017
2017-04-05,amzn,909.280029
2017-04-06,amzn,898.280029
2017-04-07,amzn,894.880005
2017-04-08,amzn,NA
2017-04-09,amzn,NA
2017-04-10,amzn,907.039978
2017-04-11,amzn,902.359985
2017-04-12,amzn,896.22998
2017-04-13,amzn,884.669983
2017-04-14,amzn,NA
2017-04-15,amzn,NA
2017-04-16,amzn,NA
2017-04-17,amzn,901.98999
2017-04-18,amzn,903.780029
2017-04-19,amzn,899.200012
2017-04-20,amzn,902.059998
2017-04-21,amzn,898.530029
2017-04-22,amzn,NA
2017-04-23,amzn,NA
2017-04-24,amzn,907.409973
2017-04-25,amzn,907.619995
2017-04-26,amzn,909.289978
2017-04-27,amzn,918.380005
2017-04-28,amzn,924.98999
2017-04-29,amzn,NA
2017-04-30,amzn,NA
2017-05-01,amzn,948.22998
2017-05-02,amzn,946.940002
2017-05-03,amzn,941.030029
2017-05-04,amzn,937.530029
2017-05-05,amzn,934.150024
2017-05-06,amzn,NA
2017-05-07,amzn,NA
2017-05-08,amzn,949.039978
2017-05-09,amzn,952.820007
2017-05-10,amzn,948.950012
2017-05-11,amzn,947.619995
2017-05-12,amzn,961.349976
2017-05-13,amzn,NA
2017-05-14,amzn,NA
2017-05-15,amzn,957.969971
2017-05-16,amzn,966.070007
2017-05-17,amzn,944.76001
2017-05-18,amzn,958.48999
2017-05-19,amzn,959.840027
2017-05-20,amzn,NA
2017-05-21,amzn,NA
2017-05-22,amzn,970.669983
2017-05-23,amzn,971.539978
2017-05-24,amzn,980.349976
2017-05-25,amzn,993.380005
2017-05-26,amzn,995.780029
2017-05-27,amzn,NA
2017-05-28,amzn,NA
2017-05-29,amzn,NA
2017-05-30,amzn,996.700012
2017-05-31,amzn,994.619995
2017-06-01,amzn,995.950012
2017-06-02,amzn,1006.72998
2017-06-03,amzn,NA
2017-06-04,amzn,NA
2017-06-05,amzn,1011.340027
2017-06-06,amzn,1003
2017-06-07,amzn,1010.070007
2017-06-08,amzn,1010.27002
2017-06-09,amzn,978.309998
2017-06-10,amzn,NA
2017-06-11,amzn,NA
2017-06-12,amzn,964.909973
2017-06-13,amzn,980.789978
2017-06-14,amzn,976.469971
2017-06-15,amzn,964.169983
2017-06-16,amzn,987.710022
2017-06-17,amzn,NA
2017-06-18,amzn,NA
2017-06-19,amzn,995.169983
2017-06-20,amzn,992.590027
2017-06-21,amzn,1002.22998
2017-06-22,amzn,1001.299988
2017-06-23,amzn,1003.73999
2017-06-24,amzn,NA
2017-06-25,amzn,NA
2017-06-26,amzn,993.97998
2017-06-27,amzn,976.780029
2017-06-28,amzn,990.330017
2017-06-29,amzn,975.929993
2017-06-30,amzn,968
2017-07-01,amzn,NA
2017-07-02,amzn,NA
2017-07-03,amzn,953.659973
2017-07-04,amzn,NA
2017-07-05,amzn,971.400024
2017-07-06,amzn,965.140015
2017-07-07,amzn,978.76001
2017-07-08,amzn,NA
2017-07-09,amzn,NA
2017-07-10,amzn,996.469971
2017-07-11,amzn,994.130005
2017-07-12,amzn,1006.51001
2017-07-13,amzn,1000.630005
2017-07-14,amzn,1001.809998
2017-07-15,amzn,NA
2017-07-16,amzn,NA
2017-07-17,amzn,1010.039978
2017-07-18,amzn,1024.449951
2017-07-19,amzn,1026.869995
2017-07-20,amzn,1028.699951
2017-07-21,amzn,1025.670044
2017-07-22,amzn,NA
2017-07-23,amzn,NA
2017-07-24,amzn,1038.949951
2017-07-25,amzn,1039.869995
2017-07-26,amzn,1052.800049
2017-07-27,amzn,1046
2017-07-28,amzn,1020.039978
2017-07-29,amzn,NA
2017-07-30,amzn,NA
2017-07-31,amzn,987.780029
2017-08-01,amzn,996.190002
2017-08-02,amzn,995.890015
2017-08-03,amzn,986.919983
2017-08-04,amzn,987.580017
2017-08-05,amzn,NA
2017-08-06,amzn,NA
2017-08-07,amzn,992.27002
2017-08-08,amzn,989.840027
2017-08-09,amzn,982.01001
2017-08-10,amzn,956.919983
2017-08-11,amzn,967.98999
2017-08-12,amzn,NA
2017-08-13,amzn,NA
2017-08-14,amzn,983.299988
2017-08-15,amzn,982.73999
2017-08-16,amzn,978.179993
2017-08-17,amzn,960.570007
2017-08-18,amzn,958.469971
2017-08-19,amzn,NA
2017-08-20,amzn,NA
2017-08-21,amzn,953.289978
2017-08-22,amzn,966.900024
2017-08-23,amzn,958
2017-08-24,amzn,952.450012
2017-08-25,amzn,945.26001
2017-08-26,amzn,NA
2017-08-27,amzn,NA
2017-08-28,amzn,946.02002
2017-08-29,amzn,954.059998
2017-08-30,amzn,967.590027
2017-08-31,amzn,980.599976
2017-09-01,amzn,978.25
2017-09-02,amzn,NA
2017-09-03,amzn,NA
2017-09-04,amzn,NA
2017-09-05,amzn,965.27002
2017-09-06,amzn,967.799988
2017-09-07,amzn,979.469971
2017-09-08,amzn,965.900024
2017-09-09,amzn,NA
2017-09-10,amzn,NA
2017-09-11,amzn,977.960022
2017-09-12,amzn,982.580017
2017-09-13,amzn,999.599976
2017-09-14,amzn,992.210022
2017-09-15,amzn,986.789978
2017-09-16,amzn,NA
2017-09-17,amzn,NA
2017-09-18,amzn,974.190002
2017-09-19,amzn,969.859985
2017-09-20,amzn,973.210022
2017-09-21,amzn,964.650024
2017-09-22,amzn,955.099976
2017-09-23,amzn,NA
2017-09-24,amzn,NA
2017-09-25,amzn,939.789978
2017-09-26,amzn,938.599976
2017-09-27,amzn,950.869995
2017-09-28,amzn,956.400024
2017-09-29,amzn,961.349976
2017-09-30,amzn,NA
2017-10-01,amzn,NA
2017-10-02,amzn,959.190002
2017-10-03,amzn,957.099976
2017-10-04,amzn,965.450012
2017-10-05,amzn,980.849976
2017-10-06,amzn,989.580017
2017-10-07,amzn,NA
2017-10-08,amzn,NA
2017-10-09,amzn,990.98999
2017-10-10,amzn,987.200012
2017-10-11,amzn,995
2017-10-12,amzn,1000.929993
2017-10-13,amzn,1002.940002
2017-10-14,amzn,NA
2017-10-15,amzn,NA
2017-10-16,amzn,1006.340027
2017-10-17,amzn,1009.130005
2017-10-18,amzn,997
2017-10-19,amzn,986.609985
2017-10-20,amzn,982.909973
2017-10-21,amzn,NA
2017-10-22,amzn,NA
2017-10-23,amzn,966.299988
2017-10-24,amzn,975.900024
2017-10-25,amzn,972.909973
2017-10-26,amzn,972.429993
2017-10-27,amzn,1100.949951
2017-10-28,amzn,NA
2017-10-29,amzn,NA
2017-10-30,amzn,1110.849976
2017-10-31,amzn,1105.280029
2017-11-01,amzn,1103.680054
2017-11-02,amzn,1094.219971
2017-11-03,amzn,1111.599976
2017-11-04,amzn,NA
2017-11-05,amzn,NA
2017-11-06,amzn,1120.660034
2017-11-07,amzn,1123.170044
2017-11-08,amzn,1132.880005
2017-11-09,amzn,1129.130005
2017-11-10,amzn,1125.349976
2017-11-11,amzn,NA
2017-11-12,amzn,NA
2017-11-13,amzn,1129.170044
2017-11-14,amzn,1136.839966
2017-11-15,amzn,1126.689941
2017-11-16,amzn,1137.290039
2017-11-17,amzn,1129.880005
2017-11-18,amzn,NA
2017-11-19,amzn,NA
2017-11-20,amzn,1126.310059
2017-11-21,amzn,1139.48999
2017-11-22,amzn,1156.160034
2017-11-23,amzn,NA
2017-11-24,amzn,1186
2017-11-25,amzn,NA
2017-11-26,amzn,NA
2017-11-27,amzn,1195.829956
2017-11-28,amzn,1193.599976
2017-11-29,amzn,1161.27002
2017-11-30,amzn,1176.75
2017-12-01,amzn,1162.349976
2017-12-02,amzn,NA
2017-12-03,amzn,NA
2017-12-04,amzn,1133.949951
2017-12-05,amzn,1141.569946
2017-12-06,amzn,1152.349976
2017-12-07,amzn,1159.790039
2017-12-08,amzn,1162
2017-12-09,amzn,NA
2017-12-10,amzn,NA
2017-12-11,amzn,1168.920044
2017-12-12,amzn,1165.079956
2017-12-13,amzn,1164.130005
2017-12-14,amzn,1174.26001
2017-12-15,amzn,1179.140015
2017-12-16,amzn,NA
2017-12-17,amzn,NA
2017-12-18,amzn,1190.579956
2017-12-19,amzn,1187.380005
2017-12-20,amzn,1177.619995
2017-12-21,amzn,1174.76001
2017-12-22,amzn,1168.359985
2017-12-23,amzn,NA
2017-12-24,amzn,NA
2017-12-25,amzn,NA
2017-12-26,amzn,1176.76001
2017-12-27,amzn,1182.26001
2017-12-28,amzn,1186.099976
2017-12-29,amzn,1169.469971
2017-12-30,amzn,NA
2017-12-31,amzn,NA
2018-01-01,amzn,NA
2018-01-02,amzn,1189.01001
2018-01-03,amzn,1204.199951
2018-01-04,amzn,1209.589966
2018-01-05,amzn,1229.140015
2018-01-06,amzn,NA
2018-01-07,amzn,NA
2018-01-08,amzn,1246.869995
2018-01-09,amzn,1252.699951
2018-01-10,amzn,1254.329956
2018-01-11,amzn,1276.680054
2018-01-12,amzn,1305.199951
2018-01-13,amzn,NA
2018-01-14,amzn,NA
2018-01-15,amzn,NA
2018-01-16,amzn,1304.859985
2018-01-17,amzn,1295
2018-01-18,amzn,1293.319946
2018-01-19,amzn,1294.579956
2018-01-20,amzn,NA
2018-01-21,amzn,NA
2018-01-22,amzn,1327.310059
2018-01-23,amzn,1362.540039
2018-01-24,amzn,1357.51001
2018-01-25,amzn,1377.949951
2018-01-26,amzn,1402.050049
2018-01-27,amzn,NA
2018-01-28,amzn,NA
2018-01-29,amzn,1417.680054
2018-01-30,amzn,1437.819946
2018-01-31,amzn,1450.890015
2018-02-01,amzn,1390
2018-02-02,amzn,1429.949951
2018-02-03,amzn,NA
2018-02-04,amzn,NA
2018-02-05,amzn,1390
2018-02-06,amzn,1442.839966
2018-02-07,amzn,1416.780029
2018-02-08,amzn,1350.5
2018-02-09,amzn,1339.599976
2018-02-10,amzn,NA
2018-02-11,amzn,NA
2018-02-12,amzn,1386.22998
2018-02-13,amzn,1414.51001
2018-02-14,amzn,1451.050049
2018-02-15,amzn,1461.76001
2018-02-16,amzn,1448.689941
2018-02-17,amzn,NA
2018-02-18,amzn,NA
2018-02-19,amzn,NA
2018-02-20,amzn,1468.349976
2018-02-21,amzn,1482.920044
2018-02-22,amzn,1485.339966
2018-02-23,amzn,1500
2018-02-24,amzn,NA
2018-02-25,amzn,NA
2018-02-26,amzn,1521.949951
2018-02-27,amzn,1511.97998
2018-02-28,amzn,1512.449951
2018-03-01,amzn,1493.449951
2018-03-02,amzn,1500.25
2018-03-03,amzn,NA
2018-03-04,amzn,NA
2018-03-05,amzn,1523.609985
2018-03-06,amzn,1537.640015
2018-03-07,amzn,1545
2018-03-08,amzn,1551.859985
2018-03-09,amzn,1578.890015
2018-03-10,amzn,NA
2018-03-11,amzn,NA
2018-03-12,amzn,1598.390015
2018-03-13,amzn,1588.180054
2018-03-14,amzn,1591
2018-03-15,amzn,1582.319946
2018-03-16,amzn,1571.680054
2018-03-17,amzn,NA
2018-03-18,amzn,NA
2018-03-19,amzn,1544.930054
2018-03-20,amzn,1586.51001
2018-03-21,amzn,1581.859985
2018-03-22,amzn,1544.920044
2018-03-23,amzn,1495.560059
2018-03-24,amzn,NA
2018-03-25,amzn,NA
2018-03-26,amzn,1555.859985
2018-03-27,amzn,1497.050049
2018-03-28,amzn,1431.420044
2018-03-29,amzn,1447.339966
2018-03-30,amzn,NA
2018-03-31,amzn,NA
2018-04-01,amzn,NA
2018-04-02,amzn,1371.98999
2018-04-03,amzn,1392.050049
2018-04-04,amzn,1410.569946
2018-04-05,amzn,1451.75
2018-04-06,amzn,1405.22998
2018-04-07,amzn,NA
2018-04-08,amzn,NA
2018-04-09,amzn,1406.079956
2018-04-10,amzn,1436.219971
2018-04-11,amzn,1427.050049
2018-04-12,amzn,1448.5
2018-04-13,amzn,1430.790039
2018-04-14,amzn,NA
2018-04-15,amzn,NA
2018-04-16,amzn,1441.5
2018-04-17,amzn,1503.829956
2018-04-18,amzn,1527.839966
2018-04-19,amzn,1556.910034
2018-04-20,amzn,1527.48999
2018-04-21,amzn,NA
2018-04-22,amzn,NA
2018-04-23,amzn,1517.859985
2018-04-24,amzn,1460.089966
2018-04-25,amzn,1460.170044
2018-04-26,amzn,1517.959961
2018-04-27,amzn,1572.619995
2018-04-28,amzn,NA
2018-04-29,amzn,NA
2018-04-30,amzn,1566.130005
2018-05-01,amzn,1582.26001
2018-05-02,amzn,1569.680054
2018-05-03,amzn,1572.079956
2018-05-04,amzn,1580.949951
2018-05-05,amzn,NA
2018-05-06,amzn,NA
2018-05-07,amzn,1600.140015
2018-05-08,amzn,1592.390015
2018-05-09,amzn,1608
2018-05-10,amzn,1609.079956
2018-05-11,amzn,1602.910034
2018-05-12,amzn,NA
2018-05-13,amzn,NA
2018-05-14,amzn,1601.540039
2018-05-15,amzn,1576.119995
2018-05-16,amzn,1587.280029
2018-05-17,amzn,1581.76001
2018-05-18,amzn,1574.369995
2018-05-19,amzn,NA
2018-05-20,amzn,NA
2018-05-21,amzn,1585.459961
2018-05-22,amzn,1581.400024
2018-05-23,amzn,1601.859985
2018-05-24,amzn,1603.069946
2018-05-25,amzn,1610.150024
2018-05-26,amzn,NA
2018-05-27,amzn,NA
2018-05-28,amzn,NA
2018-05-29,amzn,1612.869995
2018-05-30,amzn,1624.890015
2018-05-31,amzn,1629.619995
2018-06-01,amzn,1641.540039
2018-06-02,amzn,NA
2018-06-03,amzn,NA
2018-06-04,amzn,1665.27002
2018-06-05,amzn,1696.349976
2018-06-06,amzn,1695.75
2018-06-07,amzn,1689.300049
2018-06-08,amzn,1683.98999
2018-06-09,amzn,NA
2018-06-10,amzn,NA
2018-06-11,amzn,1689.119995
2018-06-12,amzn,1698.75
2018-06-13,amzn,1704.859985
2018-06-14,amzn,1723.859985
2018-06-15,amzn,1715.969971
2018-06-16,amzn,NA
2018-06-17,amzn,NA
2018-06-18,amzn,1723.790039
2018-06-19,amzn,1734.780029
2018-06-20,amzn,1750.079956
2018-06-21,amzn,1730.219971
2018-06-22,amzn,1715.670044
2018-06-23,amzn,NA
2018-06-24,amzn,NA
2018-06-25,amzn,1663.150024
2018-06-26,amzn,1691.089966
2018-06-27,amzn,1660.51001
2018-06-28,amzn,1701.449951
2018-06-29,amzn,1699.800049
2018-06-30,amzn,NA
2018-07-01,amzn,NA
2018-07-02,amzn,1713.780029
2018-07-03,amzn,1693.959961
2018-07-04,amzn,NA
2018-07-05,amzn,1699.72998
2018-07-06,amzn,1710.630005
2018-07-07,amzn,NA
2018-07-08,amzn,NA
2018-07-09,amzn,1739.02002
2018-07-10,amzn,1743.069946
2018-07-11,amzn,1755
2018-07-12,amzn,1796.619995
2018-07-13,amzn,1813.030029
2018-07-14,amzn,NA
2018-07-15,amzn,NA
2018-07-16,amzn,1822.48999
2018-07-17,amzn,1843.930054
2018-07-18,amzn,1842.920044
2018-07-19,amzn,1812.969971
2018-07-20,amzn,1813.699951
2018-07-21,amzn,NA
2018-07-22,amzn,NA
2018-07-23,amzn,1802
2018-07-24,amzn,1829.23999
2018-07-25,amzn,1863.609985
2018-07-26,amzn,1808
2018-07-27,amzn,1817.27002
2018-07-28,amzn,NA
2018-07-29,amzn,NA
2018-07-30,amzn,1779.219971
2018-07-31,amzn,1777.439941
2018-08-01,amzn,1797.170044
2018-08-02,amzn,1834.329956
2018-08-03,amzn,1823.290039
2018-08-04,amzn,NA
2018-08-05,amzn,NA
2018-08-06,amzn,1847.75
2018-08-07,amzn,1862.47998
2018-08-08,amzn,1886.52002
2018-08-09,amzn,1898.52002
2018-08-10,amzn,1886.300049
2018-08-11,amzn,NA
2018-08-12,amzn,NA
2018-08-13,amzn,1896.199951
2018-08-14,amzn,1919.650024
2018-08-15,amzn,1882.619995
2018-08-16,amzn,1886.52002
2018-08-17,amzn,1882.219971
2018-08-18,amzn,NA
2018-08-19,amzn,NA
2018-08-20,amzn,1876.709961
2018-08-21,amzn,1883.420044
2018-08-22,amzn,1904.900024
2018-08-23,amzn,1902.900024
2018-08-24,amzn,1905.390015
2018-08-25,amzn,NA
2018-08-26,amzn,NA
2018-08-27,amzn,1927.680054
2018-08-28,amzn,1932.819946
2018-08-29,amzn,1998.099976
2018-08-30,amzn,2002.380005
2018-08-31,amzn,2012.709961
2018-09-01,amzn,NA
2018-09-02,amzn,NA
2018-09-03,amzn,NA
2018-09-04,amzn,2039.51001
2018-09-05,amzn,1994.819946
2018-09-06,amzn,1958.310059
2018-09-07,amzn,1952.069946
2018-09-08,amzn,NA
2018-09-09,amzn,NA
2018-09-10,amzn,1939.01001
2018-09-11,amzn,1987.150024
2018-09-12,amzn,1990
2018-09-13,amzn,1989.869995
2018-09-14,amzn,1970.189941
2018-09-15,amzn,NA
2018-09-16,amzn,NA
2018-09-17,amzn,1908.030029
2018-09-18,amzn,1941.050049
2018-09-19,amzn,1926.420044
2018-09-20,amzn,1944.300049
2018-09-21,amzn,1915.01001
2018-09-22,amzn,NA
2018-09-23,amzn,NA
2018-09-24,amzn,1934.359985
2018-09-25,amzn,1974.550049
2018-09-26,amzn,1974.849976
2018-09-27,amzn,2012.97998
2018-09-28,amzn,2003
2018-09-29,amzn,NA
2018-09-30,amzn,NA
2018-10-01,amzn,2004.359985
2018-10-02,amzn,1971.310059
2018-10-03,amzn,1952.76001
2018-10-04,amzn,1909.420044
2018-10-05,amzn,1889.650024
2018-10-06,amzn,NA
2018-10-07,amzn,NA
2018-10-08,amzn,1864.420044
2018-10-09,amzn,1870.319946
2018-10-10,amzn,1755.25
2018-10-11,amzn,1719.359985
2018-10-12,amzn,1788.609985
2018-10-13,amzn,NA
2018-10-14,amzn,NA
2018-10-15,amzn,1760.949951
2018-10-16,amzn,1819.959961
2018-10-17,amzn,1831.72998
2018-10-18,amzn,1770.719971
2018-10-19,amzn,1764.030029
2018-10-20,amzn,NA
2018-10-21,amzn,NA
2018-10-22,amzn,1789.300049
2018-10-23,amzn,1768.699951
2018-10-24,amzn,1664.199951
2018-10-25,amzn,1782.170044
2018-10-26,amzn,1642.810059
2018-10-27,amzn,NA
2018-10-28,amzn,NA
2018-10-29,amzn,1538.880005
2018-10-30,amzn,1530.420044
2018-10-31,amzn,1598.01001
2018-11-01,amzn,1665.530029
2018-11-02,amzn,1665.530029
2018-11-03,amzn,NA
2018-11-04,amzn,NA
2018-11-05,amzn,1627.800049
2018-11-06,amzn,1642.810059
2018-11-07,amzn,1755.48999
2018-11-08,amzn,1754.910034
2018-11-09,amzn,1712.430054
2018-11-10,amzn,NA
2018-11-11,amzn,NA
2018-11-12,amzn,1636.849976
2018-11-13,amzn,1631.170044
2018-11-14,amzn,1599.01001
2018-11-15,amzn,1619.439941
2018-11-16,amzn,1593.410034
2018-11-17,amzn,NA
2018-11-18,amzn,NA
2018-11-19,amzn,1512.290039
2018-11-20,amzn,1495.459961
2018-11-21,amzn,1516.72998
2018-11-22,amzn,NA
2018-11-23,amzn,1502.060059
2018-11-24,amzn,NA
2018-11-25,amzn,NA
2018-11-26,amzn,1581.329956
2018-11-27,amzn,1581.420044
2018-11-28,amzn,1677.75
2018-11-29,amzn,1673.569946
2018-11-30,amzn,1690.170044
2018-12-01,amzn,NA
2018-12-02,amzn,NA
2018-12-03,amzn,1772.359985
2018-12-04,amzn,1668.400024
2018-12-05,amzn,NA
2018-12-06,amzn,1699.189941
2018-12-07,amzn,1629.130005
2018-12-08,amzn,NA
2018-12-09,amzn,NA
2018-12-10,amzn,1641.030029
2018-12-11,amzn,1643.23999
2018-12-12,amzn,1663.540039
2018-12-13,amzn,1658.380005
2018-12-14,amzn,1591.910034
2018-12-15,amzn,NA
2018-12-16,amzn,NA
2018-12-17,amzn,1520.910034
2018-12-18,amzn,1551.47998
2018-12-19,amzn,1495.079956
2018-12-20,amzn,1460.829956
2018-12-21,amzn,1377.449951
2018-12-22,amzn,NA
2018-12-23,amzn,NA
2018-12-24,amzn,1343.959961
2018-12-25,amzn,NA
2018-12-26,amzn,1470.900024
2018-12-27,amzn,1461.640015
2018-12-28,amzn,1478.02002
2018-12-29,amzn,NA
2018-12-30,amzn,NA
2018-12-31,amzn,1501.969971
2019-01-01,amzn,NA
2019-01-02,amzn,1539.130005
2019-01-03,amzn,1500.280029
2019-01-04,amzn,1575.390015
2019-01-05,amzn,NA
2019-01-06,amzn,NA
2019-01-07,amzn,1629.51001
2019-01-08,amzn,1656.579956
2019-01-09,amzn,1659.420044
2019-01-10,amzn,1656.219971
2019-01-11,amzn,1640.560059
2019-01-12,amzn,NA
2019-01-13,amzn,NA
2019-01-14,amzn,1617.209961
2019-01-15,amzn,1674.560059
2019-01-16,amzn,1683.780029
2019-01-17,amzn,1693.219971
2019-01-18,amzn,1696.199951
2019-01-19,amzn,NA
2019-01-20,amzn,NA
2019-01-21,amzn,NA
2019-01-22,amzn,1632.170044
2019-01-23,amzn,1640.02002
2019-01-24,amzn,1654.930054
2019-01-25,amzn,1670.569946
2019-01-26,amzn,NA
2019-01-27,amzn,NA
2019-01-28,amzn,1637.890015
2019-01-29,amzn,1593.880005
2019-01-30,amzn,1670.430054
2019-01-31,amzn,1718.72998
2019-02-01,amzn,1626.22998
2019-02-02,amzn,NA
2019-02-03,amzn,NA
2019-02-04,amzn,1633.310059
2019-02-05,amzn,1658.810059
2019-02-06,amzn,1640.26001
2019-02-07,amzn,1614.369995
2019-02-08,amzn,1588.219971
2019-02-09,amzn,NA
2019-02-10,amzn,NA
2019-02-11,amzn,1591
2019-02-12,amzn,1638.01001
2019-02-13,amzn,1640
2019-02-14,amzn,1622.650024
2019-02-15,amzn,1607.949951
2019-02-16,amzn,NA
2019-02-17,amzn,NA
2019-02-18,amzn,NA
2019-02-19,amzn,1627.579956
2019-02-20,amzn,1622.099976
2019-02-21,amzn,1619.439941
2019-02-22,amzn,1631.560059
2019-02-23,amzn,NA
2019-02-24,amzn,NA
2019-02-25,amzn,1633
2019-02-26,amzn,1636.400024
2019-02-27,amzn,1641.089966
2019-02-28,amzn,1639.829956
2019-03-01,amzn,1671.72998
2019-03-02,amzn,NA
2019-03-03,amzn,NA
2019-03-04,amzn,1696.170044
2019-03-05,amzn,1692.430054
2019-03-06,amzn,1668.949951
2019-03-07,amzn,1625.949951
2019-03-08,amzn,1620.800049
2019-03-09,amzn,NA
2019-03-10,amzn,NA
2019-03-11,amzn,1670.619995
2019-03-12,amzn,1673.099976
2019-03-13,amzn,1690.810059
2019-03-14,amzn,1686.219971
2019-03-15,amzn,1712.359985
2019-03-16,amzn,NA
2019-03-17,amzn,NA
2019-03-18,amzn,1742.150024
2019-03-19,amzn,1761.849976
2019-03-20,amzn,1797.27002
2019-03-21,amzn,1819.26001
2019-03-22,amzn,1764.77002
2019-03-23,amzn,NA
2019-03-24,amzn,NA
2019-03-25,amzn,1774.26001
2019-03-26,amzn,1783.76001
2019-03-27,amzn,1765.699951
2019-03-28,amzn,1773.420044
2019-03-29,amzn,1780.75
2019-03-30,amzn,NA
2019-03-31,amzn,NA
2019-04-01,amzn,1814.189941
2019-04-02,amzn,1813.97998
2019-04-03,amzn,1820.699951
2019-04-04,amzn,1818.859985
2019-04-05,amzn,1837.280029
2019-04-06,amzn,NA
2019-04-07,amzn,NA
2019-04-08,amzn,1849.859985
2019-04-09,amzn,1835.839966
2019-04-10,amzn,1847.329956
2019-04-11,amzn,1844.069946
2019-04-12,amzn,1843.060059
2019-04-13,amzn,NA
2019-04-14,amzn,NA
2019-04-15,amzn,1844.869995
2019-04-16,amzn,1863.040039
2019-04-17,amzn,1864.819946
2019-04-18,amzn,1861.689941
2019-04-19,amzn,NA
2019-04-20,amzn,NA
2019-04-21,amzn,NA
2019-04-22,amzn,1887.310059
2019-04-23,amzn,1923.77002
2019-04-24,amzn,1901.75
2019-04-25,amzn,1902.25
2019-04-26,amzn,1950.630005
2019-04-27,amzn,NA
2019-04-28,amzn,NA
2019-04-29,amzn,1938.430054
2019-04-30,amzn,1926.52002
2019-05-01,amzn,1911.52002
2019-05-02,amzn,1900.819946
2019-05-03,amzn,1962.459961
2019-05-04,amzn,NA
2019-05-05,amzn,NA
2019-05-06,amzn,1950.550049
2019-05-07,amzn,1921
2019-05-08,amzn,1917.77002
2019-05-09,amzn,1899.869995
2019-05-10,amzn,1889.97998
2019-05-11,amzn,NA
2019-05-12,amzn,NA
2019-05-13,amzn,1822.680054
2019-05-14,amzn,1840.119995
2019-05-15,amzn,1871.150024
2019-05-16,amzn,1907.569946
2019-05-17,amzn,1869
2019-05-18,amzn,NA
2019-05-19,amzn,NA
2019-05-20,amzn,1858.969971
2019-05-21,amzn,1857.52002
2019-05-22,amzn,1859.680054
2019-05-23,amzn,1815.47998
2019-05-24,amzn,1823.280029
2019-05-25,amzn,NA
2019-05-26,amzn,NA
2016-01-01,fb,NA
2016-01-02,fb,NA
2016-01-03,fb,NA
2016-01-04,fb,102.220001
2016-01-05,fb,102.730003
2016-01-06,fb,102.970001
2016-01-07,fb,97.919998
2016-01-08,fb,97.330002
2016-01-09,fb,NA
2016-01-10,fb,NA
2016-01-11,fb,97.510002
2016-01-12,fb,99.370003
2016-01-13,fb,95.440002
2016-01-14,fb,98.370003
2016-01-15,fb,94.970001
2016-01-16,fb,NA
2016-01-17,fb,NA
2016-01-18,fb,NA
2016-01-19,fb,95.260002
2016-01-20,fb,94.349998
2016-01-21,fb,94.160004
2016-01-22,fb,97.940002
2016-01-23,fb,NA
2016-01-24,fb,NA
2016-01-25,fb,97.010002
2016-01-26,fb,97.339996
2016-01-27,fb,94.449997
2016-01-28,fb,109.110001
2016-01-29,fb,112.209999
2016-01-30,fb,NA
2016-01-31,fb,NA
2016-02-01,fb,115.089996
2016-02-02,fb,114.610001
2016-02-03,fb,112.690002
2016-02-04,fb,110.489998
2016-02-05,fb,104.07
2016-02-06,fb,NA
2016-02-07,fb,NA
2016-02-08,fb,99.75
2016-02-09,fb,99.540001
2016-02-10,fb,101
2016-02-11,fb,101.910004
2016-02-12,fb,102.010002
2016-02-13,fb,NA
2016-02-14,fb,NA
2016-02-15,fb,NA
2016-02-16,fb,101.610001
2016-02-17,fb,105.199997
2016-02-18,fb,103.470001
2016-02-19,fb,104.57
2016-02-20,fb,NA
2016-02-21,fb,NA
2016-02-22,fb,107.160004
2016-02-23,fb,105.459999
2016-02-24,fb,106.879997
2016-02-25,fb,108.07
2016-02-26,fb,107.919998
2016-02-27,fb,NA
2016-02-28,fb,NA
2016-02-29,fb,106.919998
2016-03-01,fb,109.82
2016-03-02,fb,109.949997
2016-03-03,fb,109.580002
2016-03-04,fb,108.389999
2016-03-05,fb,NA
2016-03-06,fb,NA
2016-03-07,fb,105.730003
2016-03-08,fb,105.93
2016-03-09,fb,107.510002
2016-03-10,fb,107.32
2016-03-11,fb,109.410004
2016-03-12,fb,NA
2016-03-13,fb,NA
2016-03-14,fb,109.889999
2016-03-15,fb,110.669998
2016-03-16,fb,112.18
2016-03-17,fb,111.019997
2016-03-18,fb,111.449997
2016-03-19,fb,NA
2016-03-20,fb,NA
2016-03-21,fb,111.849998
2016-03-22,fb,112.25
2016-03-23,fb,112.540001
2016-03-24,fb,113.050003
2016-03-25,fb,NA
2016-03-26,fb,NA
2016-03-27,fb,NA
2016-03-28,fb,113.690002
2016-03-29,fb,116.139999
2016-03-30,fb,114.699997
2016-03-31,fb,114.099998
2016-04-01,fb,116.059998
2016-04-02,fb,NA
2016-04-03,fb,NA
2016-04-04,fb,112.550003
2016-04-05,fb,112.220001
2016-04-06,fb,113.709999
2016-04-07,fb,113.639999
2016-04-08,fb,110.629997
2016-04-09,fb,NA
2016-04-10,fb,NA
2016-04-11,fb,108.989998
2016-04-12,fb,110.610001
2016-04-13,fb,110.510002
2016-04-14,fb,110.839996
2016-04-15,fb,109.639999
2016-04-16,fb,NA
2016-04-17,fb,NA
2016-04-18,fb,110.449997
2016-04-19,fb,112.290001
2016-04-20,fb,112.419998
2016-04-21,fb,113.440002
2016-04-22,fb,110.559998
2016-04-23,fb,NA
2016-04-24,fb,NA
2016-04-25,fb,110.099998
2016-04-26,fb,108.760002
2016-04-27,fb,108.889999
2016-04-28,fb,116.730003
2016-04-29,fb,117.580002
2016-04-30,fb,NA
2016-05-01,fb,NA
2016-05-02,fb,118.57
2016-05-03,fb,117.43
2016-05-04,fb,118.059998
2016-05-05,fb,117.809998
2016-05-06,fb,119.489998
2016-05-07,fb,NA
2016-05-08,fb,NA
2016-05-09,fb,119.239998
2016-05-10,fb,120.5
2016-05-11,fb,119.519997
2016-05-12,fb,120.279999
2016-05-13,fb,119.809998
2016-05-14,fb,NA
2016-05-15,fb,NA
2016-05-16,fb,118.669998
2016-05-17,fb,117.349998
2016-05-18,fb,117.650002
2016-05-19,fb,116.809998
2016-05-20,fb,117.349998
2016-05-21,fb,NA
2016-05-22,fb,NA
2016-05-23,fb,115.970001
2016-05-24,fb,117.699997
2016-05-25,fb,117.889999
2016-05-26,fb,119.470001
2016-05-27,fb,119.379997
2016-05-28,fb,NA
2016-05-29,fb,NA
2016-05-30,fb,NA
2016-05-31,fb,118.809998
2016-06-01,fb,118.779999
2016-06-02,fb,118.93
2016-06-03,fb,118.470001
2016-06-04,fb,NA
2016-06-05,fb,NA
2016-06-06,fb,118.790001
2016-06-07,fb,117.760002
2016-06-08,fb,118.389999
2016-06-09,fb,118.559998
2016-06-10,fb,116.620003
2016-06-11,fb,NA
2016-06-12,fb,NA
2016-06-13,fb,113.949997
2016-06-14,fb,114.940002
2016-06-15,fb,114.599998
2016-06-16,fb,114.389999
2016-06-17,fb,113.019997
2016-06-18,fb,NA
2016-06-19,fb,NA
2016-06-20,fb,113.370003
2016-06-21,fb,114.379997
2016-06-22,fb,113.910004
2016-06-23,fb,115.080002
2016-06-24,fb,112.080002
2016-06-25,fb,NA
2016-06-26,fb,NA
2016-06-27,fb,108.970001
2016-06-28,fb,112.699997
2016-06-29,fb,114.160004
2016-06-30,fb,114.279999
2016-07-01,fb,114.190002
2016-07-02,fb,NA
2016-07-03,fb,NA
2016-07-04,fb,NA
2016-07-05,fb,114.199997
2016-07-06,fb,116.699997
2016-07-07,fb,115.849998
2016-07-08,fb,117.239998
2016-07-09,fb,NA
2016-07-10,fb,NA
2016-07-11,fb,117.870003
2016-07-12,fb,117.93
2016-07-13,fb,116.779999
2016-07-14,fb,117.290001
2016-07-15,fb,116.860001
2016-07-16,fb,NA
2016-07-17,fb,NA
2016-07-18,fb,119.370003
2016-07-19,fb,120.610001
2016-07-20,fb,121.919998
2016-07-21,fb,120.610001
2016-07-22,fb,121
2016-07-23,fb,NA
2016-07-24,fb,NA
2016-07-25,fb,121.629997
2016-07-26,fb,121.220001
2016-07-27,fb,123.339996
2016-07-28,fb,125
2016-07-29,fb,123.940002
2016-07-30,fb,NA
2016-07-31,fb,NA
2016-08-01,fb,124.309998
2016-08-02,fb,123.089996
2016-08-03,fb,122.510002
2016-08-04,fb,124.360001
2016-08-05,fb,125.150002
2016-08-06,fb,NA
2016-08-07,fb,NA
2016-08-08,fb,125.260002
2016-08-09,fb,125.059998
2016-08-10,fb,124.879997
2016-08-11,fb,124.900002
2016-08-12,fb,124.879997
2016-08-13,fb,NA
2016-08-14,fb,NA
2016-08-15,fb,123.900002
2016-08-16,fb,123.300003
2016-08-17,fb,124.370003
2016-08-18,fb,123.910004
2016-08-19,fb,123.559998
2016-08-20,fb,NA
2016-08-21,fb,NA
2016-08-22,fb,124.150002
2016-08-23,fb,124.370003
2016-08-24,fb,123.480003
2016-08-25,fb,123.889999
2016-08-26,fb,124.959999
2016-08-27,fb,NA
2016-08-28,fb,NA
2016-08-29,fb,126.540001
2016-08-30,fb,125.839996
2016-08-31,fb,126.120003
2016-09-01,fb,126.169998
2016-09-02,fb,126.510002
2016-09-03,fb,NA
2016-09-04,fb,NA
2016-09-05,fb,NA
2016-09-06,fb,129.729996
2016-09-07,fb,131.050003
2016-09-08,fb,130.270004
2016-09-09,fb,127.099998
2016-09-10,fb,NA
2016-09-11,fb,NA
2016-09-12,fb,128.690002
2016-09-13,fb,127.209999
2016-09-14,fb,127.769997
2016-09-15,fb,128.350006
2016-09-16,fb,129.070007
2016-09-17,fb,NA
2016-09-18,fb,NA
2016-09-19,fb,128.649994
2016-09-20,fb,128.639999
2016-09-21,fb,129.940002
2016-09-22,fb,130.080002
2016-09-23,fb,127.959999
2016-09-24,fb,NA
2016-09-25,fb,NA
2016-09-26,fb,127.309998
2016-09-27,fb,128.690002
2016-09-28,fb,129.229996
2016-09-29,fb,128.089996
2016-09-30,fb,128.270004
2016-10-01,fb,NA
2016-10-02,fb,NA
2016-10-03,fb,128.770004
2016-10-04,fb,128.190002
2016-10-05,fb,128.470001
2016-10-06,fb,128.740005
2016-10-07,fb,128.990005
2016-10-08,fb,NA
2016-10-09,fb,NA
2016-10-10,fb,130.240005
2016-10-11,fb,128.880005
2016-10-12,fb,129.050003
2016-10-13,fb,127.82
2016-10-14,fb,127.879997
2016-10-15,fb,NA
2016-10-16,fb,NA
2016-10-17,fb,127.540001
2016-10-18,fb,128.570007
2016-10-19,fb,130.110001
2016-10-20,fb,130
2016-10-21,fb,132.070007
2016-10-22,fb,NA
2016-10-23,fb,NA
2016-10-24,fb,133.279999
2016-10-25,fb,132.289993
2016-10-26,fb,131.039993
2016-10-27,fb,129.690002
2016-10-28,fb,131.289993
2016-10-29,fb,NA
2016-10-30,fb,NA
2016-10-31,fb,130.990005
2016-11-01,fb,129.5
2016-11-02,fb,127.169998
2016-11-03,fb,120
2016-11-04,fb,120.75
2016-11-05,fb,NA
2016-11-06,fb,NA
2016-11-07,fb,122.150002
2016-11-08,fb,124.220001
2016-11-09,fb,123.18
2016-11-10,fb,120.800003
2016-11-11,fb,119.019997
2016-11-12,fb,NA
2016-11-13,fb,NA
2016-11-14,fb,115.080002
2016-11-15,fb,117.199997
2016-11-16,fb,116.339996
2016-11-17,fb,117.790001
2016-11-18,fb,117.019997
2016-11-19,fb,NA
2016-11-20,fb,NA
2016-11-21,fb,121.769997
2016-11-22,fb,121.470001
2016-11-23,fb,120.839996
2016-11-24,fb,NA
2016-11-25,fb,120.379997
2016-11-26,fb,NA
2016-11-27,fb,NA
2016-11-28,fb,120.410004
2016-11-29,fb,120.870003
2016-11-30,fb,118.419998
2016-12-01,fb,115.099998
2016-12-02,fb,115.400002
2016-12-03,fb,NA
2016-12-04,fb,NA
2016-12-05,fb,117.43
2016-12-06,fb,117.309998
2016-12-07,fb,117.949997
2016-12-08,fb,118.910004
2016-12-09,fb,119.68
2016-12-10,fb,NA
2016-12-11,fb,NA
2016-12-12,fb,117.769997
2016-12-13,fb,120.309998
2016-12-14,fb,120.209999
2016-12-15,fb,120.57
2016-12-16,fb,119.870003
2016-12-17,fb,NA
2016-12-18,fb,NA
2016-12-19,fb,119.239998
2016-12-20,fb,119.089996
2016-12-21,fb,119.040001
2016-12-22,fb,117.400002
2016-12-23,fb,117.269997
2016-12-24,fb,NA
2016-12-25,fb,NA
2016-12-26,fb,NA
2016-12-27,fb,118.010002
2016-12-28,fb,116.919998
2016-12-29,fb,116.349998
2016-12-30,fb,115.050003
2016-12-31,fb,NA
2017-01-01,fb,NA
2017-01-02,fb,NA
2017-01-03,fb,116.860001
2017-01-04,fb,118.690002
2017-01-05,fb,120.669998
2017-01-06,fb,123.410004
2017-01-07,fb,NA
2017-01-08,fb,NA
2017-01-09,fb,124.900002
2017-01-10,fb,124.349998
2017-01-11,fb,126.089996
2017-01-12,fb,126.620003
2017-01-13,fb,128.339996
2017-01-14,fb,NA
2017-01-15,fb,NA
2017-01-16,fb,NA
2017-01-17,fb,127.870003
2017-01-18,fb,127.919998
2017-01-19,fb,127.550003
2017-01-20,fb,127.040001
2017-01-21,fb,NA
2017-01-22,fb,NA
2017-01-23,fb,128.929993
2017-01-24,fb,129.369995
2017-01-25,fb,131.479996
2017-01-26,fb,132.779999
2017-01-27,fb,132.179993
2017-01-28,fb,NA
2017-01-29,fb,NA
2017-01-30,fb,130.979996
2017-01-31,fb,130.320007
2017-02-01,fb,133.229996
2017-02-02,fb,130.839996
2017-02-03,fb,130.979996
2017-02-04,fb,NA
2017-02-05,fb,NA
2017-02-06,fb,132.059998
2017-02-07,fb,131.839996
2017-02-08,fb,134.199997
2017-02-09,fb,134.139999
2017-02-10,fb,134.190002
2017-02-11,fb,NA
2017-02-12,fb,NA
2017-02-13,fb,134.050003
2017-02-14,fb,133.850006
2017-02-15,fb,133.440002
2017-02-16,fb,133.839996
2017-02-17,fb,133.529999
2017-02-18,fb,NA
2017-02-19,fb,NA
2017-02-20,fb,NA
2017-02-21,fb,133.720001
2017-02-22,fb,136.119995
2017-02-23,fb,135.360001
2017-02-24,fb,135.440002
2017-02-25,fb,NA
2017-02-26,fb,NA
2017-02-27,fb,136.410004
2017-02-28,fb,135.539993
2017-03-01,fb,137.419998
2017-03-02,fb,136.759995
2017-03-03,fb,137.169998
2017-03-04,fb,NA
2017-03-05,fb,NA
2017-03-06,fb,137.419998
2017-03-07,fb,137.300003
2017-03-08,fb,137.720001
2017-03-09,fb,138.240005
2017-03-10,fb,138.789993
2017-03-11,fb,NA
2017-03-12,fb,NA
2017-03-13,fb,139.600006
2017-03-14,fb,139.320007
2017-03-15,fb,139.720001
2017-03-16,fb,139.990005
2017-03-17,fb,139.839996
2017-03-18,fb,NA
2017-03-19,fb,NA
2017-03-20,fb,139.940002
2017-03-21,fb,138.509995
2017-03-22,fb,139.589996
2017-03-23,fb,139.529999
2017-03-24,fb,140.339996
2017-03-25,fb,NA
2017-03-26,fb,NA
2017-03-27,fb,140.320007
2017-03-28,fb,141.759995
2017-03-29,fb,142.649994
2017-03-30,fb,142.410004
2017-03-31,fb,142.050003
2017-04-01,fb,NA
2017-04-02,fb,NA
2017-04-03,fb,142.279999
2017-04-04,fb,141.729996
2017-04-05,fb,141.850006
2017-04-06,fb,141.169998
2017-04-07,fb,140.779999
2017-04-08,fb,NA
2017-04-09,fb,NA
2017-04-10,fb,141.039993
2017-04-11,fb,139.919998
2017-04-12,fb,139.580002
2017-04-13,fb,139.389999
2017-04-14,fb,NA
2017-04-15,fb,NA
2017-04-16,fb,NA
2017-04-17,fb,141.419998
2017-04-18,fb,140.960007
2017-04-19,fb,142.270004
2017-04-20,fb,143.800003
2017-04-21,fb,143.679993
2017-04-22,fb,NA
2017-04-23,fb,NA
2017-04-24,fb,145.470001
2017-04-25,fb,146.490005
2017-04-26,fb,146.559998
2017-04-27,fb,147.699997
2017-04-28,fb,150.25
2017-04-29,fb,NA
2017-04-30,fb,NA
2017-05-01,fb,152.460007
2017-05-02,fb,152.779999
2017-05-03,fb,151.800003
2017-05-04,fb,150.850006
2017-05-05,fb,150.240005
2017-05-06,fb,NA
2017-05-07,fb,NA
2017-05-08,fb,151.059998
2017-05-09,fb,150.479996
2017-05-10,fb,150.289993
2017-05-11,fb,150.039993
2017-05-12,fb,150.330002
2017-05-13,fb,NA
2017-05-14,fb,NA
2017-05-15,fb,150.190002
2017-05-16,fb,149.779999
2017-05-17,fb,144.850006
2017-05-18,fb,147.660004
2017-05-19,fb,148.059998
2017-05-20,fb,NA
2017-05-21,fb,NA
2017-05-22,fb,148.240005
2017-05-23,fb,148.070007
2017-05-24,fb,150.039993
2017-05-25,fb,151.960007
2017-05-26,fb,152.130005
2017-05-27,fb,NA
2017-05-28,fb,NA
2017-05-29,fb,NA
2017-05-30,fb,152.380005
2017-05-31,fb,151.460007
2017-06-01,fb,151.529999
2017-06-02,fb,153.610001
2017-06-03,fb,NA
2017-06-04,fb,NA
2017-06-05,fb,153.630005
2017-06-06,fb,152.809998
2017-06-07,fb,153.119995
2017-06-08,fb,154.710007
2017-06-09,fb,149.600006
2017-06-10,fb,NA
2017-06-11,fb,NA
2017-06-12,fb,148.440002
2017-06-13,fb,150.679993
2017-06-14,fb,150.25
2017-06-15,fb,149.800003
2017-06-16,fb,150.639999
2017-06-17,fb,NA
2017-06-18,fb,NA
2017-06-19,fb,152.869995
2017-06-20,fb,152.25
2017-06-21,fb,153.910004
2017-06-22,fb,153.399994
2017-06-23,fb,155.070007
2017-06-24,fb,NA
2017-06-25,fb,NA
2017-06-26,fb,153.589996
2017-06-27,fb,150.580002
2017-06-28,fb,153.240005
2017-06-29,fb,151.039993
2017-06-30,fb,150.979996
2017-07-01,fb,NA
2017-07-02,fb,NA
2017-07-03,fb,148.429993
2017-07-04,fb,NA
2017-07-05,fb,150.339996
2017-07-06,fb,148.820007
2017-07-07,fb,151.440002
2017-07-08,fb,NA
2017-07-09,fb,NA
2017-07-10,fb,153.5
2017-07-11,fb,155.270004
2017-07-12,fb,158.899994
2017-07-13,fb,159.259995
2017-07-14,fb,159.970001
2017-07-15,fb,NA
2017-07-16,fb,NA
2017-07-17,fb,159.729996
2017-07-18,fb,162.860001
2017-07-19,fb,164.139999
2017-07-20,fb,164.529999
2017-07-21,fb,164.429993
2017-07-22,fb,NA
2017-07-23,fb,NA
2017-07-24,fb,166
2017-07-25,fb,165.279999
2017-07-26,fb,165.610001
2017-07-27,fb,170.440002
2017-07-28,fb,172.449997
2017-07-29,fb,NA
2017-07-30,fb,NA
2017-07-31,fb,169.25
2017-08-01,fb,169.860001
2017-08-02,fb,169.300003
2017-08-03,fb,168.589996
2017-08-04,fb,169.619995
2017-08-05,fb,NA
2017-08-06,fb,NA
2017-08-07,fb,171.979996
2017-08-08,fb,171.229996
2017-08-09,fb,171.179993
2017-08-10,fb,167.399994
2017-08-11,fb,168.080002
2017-08-12,fb,NA
2017-08-13,fb,NA
2017-08-14,fb,170.75
2017-08-15,fb,171
2017-08-16,fb,170
2017-08-17,fb,166.910004
2017-08-18,fb,167.410004
2017-08-19,fb,NA
2017-08-20,fb,NA
2017-08-21,fb,167.779999
2017-08-22,fb,169.639999
2017-08-23,fb,168.710007
2017-08-24,fb,167.740005
2017-08-25,fb,166.320007
2017-08-26,fb,NA
2017-08-27,fb,NA
2017-08-28,fb,167.240005
2017-08-29,fb,168.050003
2017-08-30,fb,169.919998
2017-08-31,fb,171.970001
2017-09-01,fb,172.020004
2017-09-02,fb,NA
2017-09-03,fb,NA
2017-09-04,fb,NA
2017-09-05,fb,170.720001
2017-09-06,fb,172.089996
2017-09-07,fb,173.210007
2017-09-08,fb,170.949997
2017-09-09,fb,NA
2017-09-10,fb,NA
2017-09-11,fb,173.509995
2017-09-12,fb,172.960007
2017-09-13,fb,173.050003
2017-09-14,fb,170.960007
2017-09-15,fb,171.639999
2017-09-16,fb,NA
2017-09-17,fb,NA
2017-09-18,fb,170.009995
2017-09-19,fb,172.520004
2017-09-20,fb,172.169998
2017-09-21,fb,171.110001
2017-09-22,fb,170.539993
2017-09-23,fb,NA
2017-09-24,fb,NA
2017-09-25,fb,162.869995
2017-09-26,fb,164.210007
2017-09-27,fb,167.679993
2017-09-28,fb,168.729996
2017-09-29,fb,170.869995
2017-09-30,fb,NA
2017-10-01,fb,NA
2017-10-02,fb,169.470001
2017-10-03,fb,169.960007
2017-10-04,fb,168.419998
2017-10-05,fb,171.240005
2017-10-06,fb,172.229996
2017-10-07,fb,NA
2017-10-08,fb,NA
2017-10-09,fb,172.5
2017-10-10,fb,171.589996
2017-10-11,fb,172.740005
2017-10-12,fb,172.550003
2017-10-13,fb,173.740005
2017-10-14,fb,NA
2017-10-15,fb,NA
2017-10-16,fb,174.520004
2017-10-17,fb,176.110001
2017-10-18,fb,176.029999
2017-10-19,fb,174.559998
2017-10-20,fb,174.979996
2017-10-21,fb,NA
2017-10-22,fb,NA
2017-10-23,fb,171.270004
2017-10-24,fb,171.800003
2017-10-25,fb,170.600006
2017-10-26,fb,170.630005
2017-10-27,fb,177.880005
2017-10-28,fb,NA
2017-10-29,fb,NA
2017-10-30,fb,179.869995
2017-10-31,fb,180.059998
2017-11-01,fb,182.660004
2017-11-02,fb,178.919998
2017-11-03,fb,178.919998
2017-11-04,fb,NA
2017-11-05,fb,NA
2017-11-06,fb,180.169998
2017-11-07,fb,180.25
2017-11-08,fb,179.559998
2017-11-09,fb,179.300003
2017-11-10,fb,178.460007
2017-11-11,fb,NA
2017-11-12,fb,NA
2017-11-13,fb,178.770004
2017-11-14,fb,178.070007
2017-11-15,fb,177.949997
2017-11-16,fb,179.589996
2017-11-17,fb,179
2017-11-18,fb,NA
2017-11-19,fb,NA
2017-11-20,fb,178.740005
2017-11-21,fb,181.860001
2017-11-22,fb,180.869995
2017-11-23,fb,NA
2017-11-24,fb,182.779999
2017-11-25,fb,NA
2017-11-26,fb,NA
2017-11-27,fb,183.029999
2017-11-28,fb,182.419998
2017-11-29,fb,175.130005
2017-11-30,fb,177.179993
2017-12-01,fb,175.100006
2017-12-02,fb,NA
2017-12-03,fb,NA
2017-12-04,fb,171.470001
2017-12-05,fb,172.830002
2017-12-06,fb,176.059998
2017-12-07,fb,180.139999
2017-12-08,fb,179
2017-12-09,fb,NA
2017-12-10,fb,NA
2017-12-11,fb,179.039993
2017-12-12,fb,176.960007
2017-12-13,fb,178.300003
2017-12-14,fb,178.389999
2017-12-15,fb,180.179993
2017-12-16,fb,NA
2017-12-17,fb,NA
2017-12-18,fb,180.820007
2017-12-19,fb,179.509995
2017-12-20,fb,177.889999
2017-12-21,fb,177.449997
2017-12-22,fb,177.199997
2017-12-23,fb,NA
2017-12-24,fb,NA
2017-12-25,fb,NA
2017-12-26,fb,175.990005
2017-12-27,fb,177.619995
2017-12-28,fb,177.919998
2017-12-29,fb,176.460007
2017-12-30,fb,NA
2017-12-31,fb,NA
2018-01-01,fb,NA
2018-01-02,fb,181.419998
2018-01-03,fb,184.669998
2018-01-04,fb,184.330002
2018-01-05,fb,186.850006
2018-01-06,fb,NA
2018-01-07,fb,NA
2018-01-08,fb,188.279999
2018-01-09,fb,187.869995
2018-01-10,fb,187.839996
2018-01-11,fb,187.770004
2018-01-12,fb,179.369995
2018-01-13,fb,NA
2018-01-14,fb,NA
2018-01-15,fb,NA
2018-01-16,fb,178.389999
2018-01-17,fb,177.600006
2018-01-18,fb,179.800003
2018-01-19,fb,181.289993
2018-01-20,fb,NA
2018-01-21,fb,NA
2018-01-22,fb,185.369995
2018-01-23,fb,189.350006
2018-01-24,fb,186.550003
2018-01-25,fb,187.479996
2018-01-26,fb,190
2018-01-27,fb,NA
2018-01-28,fb,NA
2018-01-29,fb,185.979996
2018-01-30,fb,187.119995
2018-01-31,fb,186.889999
2018-02-01,fb,193.089996
2018-02-02,fb,190.279999
2018-02-03,fb,NA
2018-02-04,fb,NA
2018-02-05,fb,181.259995
2018-02-06,fb,185.309998
2018-02-07,fb,180.179993
2018-02-08,fb,171.580002
2018-02-09,fb,176.110001
2018-02-10,fb,NA
2018-02-11,fb,NA
2018-02-12,fb,176.410004
2018-02-13,fb,173.149994
2018-02-14,fb,179.520004
2018-02-15,fb,179.960007
2018-02-16,fb,177.360001
2018-02-17,fb,NA
2018-02-18,fb,NA
2018-02-19,fb,NA
2018-02-20,fb,176.009995
2018-02-21,fb,177.910004
2018-02-22,fb,178.990005
2018-02-23,fb,183.289993
2018-02-24,fb,NA
2018-02-25,fb,NA
2018-02-26,fb,184.929993
2018-02-27,fb,181.460007
2018-02-28,fb,178.320007
2018-03-01,fb,175.940002
2018-03-02,fb,176.619995
2018-03-03,fb,NA
2018-03-04,fb,NA
2018-03-05,fb,180.399994
2018-03-06,fb,179.779999
2018-03-07,fb,183.710007
2018-03-08,fb,182.339996
2018-03-09,fb,185.229996
2018-03-10,fb,NA
2018-03-11,fb,NA
2018-03-12,fb,184.759995
2018-03-13,fb,181.880005
2018-03-14,fb,184.190002
2018-03-15,fb,183.860001
2018-03-16,fb,185.089996
2018-03-17,fb,NA
2018-03-18,fb,NA
2018-03-19,fb,172.559998
2018-03-20,fb,168.149994
2018-03-21,fb,169.389999
2018-03-22,fb,164.889999
2018-03-23,fb,159.389999
2018-03-24,fb,NA
2018-03-25,fb,NA
2018-03-26,fb,160.059998
2018-03-27,fb,152.220001
2018-03-28,fb,153.029999
2018-03-29,fb,159.789993
2018-03-30,fb,NA
2018-03-31,fb,NA
2018-04-01,fb,NA
2018-04-02,fb,155.389999
2018-04-03,fb,156.110001
2018-04-04,fb,155.100006
2018-04-05,fb,159.339996
2018-04-06,fb,157.199997
2018-04-07,fb,NA
2018-04-08,fb,NA
2018-04-09,fb,157.929993
2018-04-10,fb,165.039993
2018-04-11,fb,166.320007
2018-04-12,fb,163.869995
2018-04-13,fb,164.520004
2018-04-14,fb,NA
2018-04-15,fb,NA
2018-04-16,fb,164.830002
2018-04-17,fb,168.660004
2018-04-18,fb,166.360001
2018-04-19,fb,168.100006
2018-04-20,fb,166.279999
2018-04-21,fb,NA
2018-04-22,fb,NA
2018-04-23,fb,165.839996
2018-04-24,fb,159.690002
2018-04-25,fb,159.690002
2018-04-26,fb,174.160004
2018-04-27,fb,173.589996
2018-04-28,fb,NA
2018-04-29,fb,NA
2018-04-30,fb,172
2018-05-01,fb,173.860001
2018-05-02,fb,176.070007
2018-05-03,fb,174.020004
2018-05-04,fb,176.610001
2018-05-05,fb,NA
2018-05-06,fb,NA
2018-05-07,fb,177.970001
2018-05-08,fb,178.919998
2018-05-09,fb,182.660004
2018-05-10,fb,185.529999
2018-05-11,fb,186.990005
2018-05-12,fb,NA
2018-05-13,fb,NA
2018-05-14,fb,186.639999
2018-05-15,fb,184.320007
2018-05-16,fb,183.199997
2018-05-17,fb,183.759995
2018-05-18,fb,182.679993
2018-05-19,fb,NA
2018-05-20,fb,NA
2018-05-21,fb,184.490005
2018-05-22,fb,183.800003
2018-05-23,fb,186.899994
2018-05-24,fb,185.929993
2018-05-25,fb,184.919998
2018-05-26,fb,NA
2018-05-27,fb,NA
2018-05-28,fb,NA
2018-05-29,fb,185.740005
2018-05-30,fb,187.669998
2018-05-31,fb,191.779999
2018-06-01,fb,193.990005
2018-06-02,fb,NA
2018-06-03,fb,NA
2018-06-04,fb,193.279999
2018-06-05,fb,192.940002
2018-06-06,fb,191.339996
2018-06-07,fb,188.179993
2018-06-08,fb,189.100006
2018-06-09,fb,NA
2018-06-10,fb,NA
2018-06-11,fb,191.539993
2018-06-12,fb,192.399994
2018-06-13,fb,192.410004
2018-06-14,fb,196.809998
2018-06-15,fb,195.850006
2018-06-16,fb,NA
2018-06-17,fb,NA
2018-06-18,fb,198.309998
2018-06-19,fb,197.490005
2018-06-20,fb,202
2018-06-21,fb,201.5
2018-06-22,fb,201.740005
2018-06-23,fb,NA
2018-06-24,fb,NA
2018-06-25,fb,196.350006
2018-06-26,fb,199
2018-06-27,fb,195.839996
2018-06-28,fb,196.229996
2018-06-29,fb,194.320007
2018-06-30,fb,NA
2018-07-01,fb,NA
2018-07-02,fb,197.360001
2018-07-03,fb,192.729996
2018-07-04,fb,NA
2018-07-05,fb,198.449997
2018-07-06,fb,203.229996
2018-07-07,fb,NA
2018-07-08,fb,NA
2018-07-09,fb,204.740005
2018-07-10,fb,203.539993
2018-07-11,fb,202.539993
2018-07-12,fb,206.919998
2018-07-13,fb,207.320007
2018-07-14,fb,NA
2018-07-15,fb,NA
2018-07-16,fb,207.229996
2018-07-17,fb,209.990005
2018-07-18,fb,209.360001
2018-07-19,fb,208.089996
2018-07-20,fb,209.940002
2018-07-21,fb,NA
2018-07-22,fb,NA
2018-07-23,fb,210.910004
2018-07-24,fb,214.669998
2018-07-25,fb,217.5
2018-07-26,fb,176.259995
2018-07-27,fb,174.889999
2018-07-28,fb,NA
2018-07-29,fb,NA
2018-07-30,fb,171.059998
2018-07-31,fb,172.580002
2018-08-01,fb,171.649994
2018-08-02,fb,176.369995
2018-08-03,fb,177.779999
2018-08-04,fb,NA
2018-08-05,fb,NA
2018-08-06,fb,185.690002
2018-08-07,fb,183.809998
2018-08-08,fb,185.179993
2018-08-09,fb,183.089996
2018-08-10,fb,180.259995
2018-08-11,fb,NA
2018-08-12,fb,NA
2018-08-13,fb,180.050003
2018-08-14,fb,181.110001
2018-08-15,fb,179.529999
2018-08-16,fb,174.699997
2018-08-17,fb,173.800003
2018-08-18,fb,NA
2018-08-19,fb,NA
2018-08-20,fb,172.5
2018-08-21,fb,172.619995
2018-08-22,fb,173.639999
2018-08-23,fb,172.899994
2018-08-24,fb,174.649994
2018-08-25,fb,NA
2018-08-26,fb,NA
2018-08-27,fb,177.460007
2018-08-28,fb,176.259995
2018-08-29,fb,175.899994
2018-08-30,fb,177.639999
2018-08-31,fb,175.729996
2018-09-01,fb,NA
2018-09-02,fb,NA
2018-09-03,fb,NA
2018-09-04,fb,171.160004
2018-09-05,fb,167.179993
2018-09-06,fb,162.529999
2018-09-07,fb,163.039993
2018-09-08,fb,NA
2018-09-09,fb,NA
2018-09-10,fb,164.179993
2018-09-11,fb,165.940002
2018-09-12,fb,162
2018-09-13,fb,161.360001
2018-09-14,fb,162.320007
2018-09-15,fb,NA
2018-09-16,fb,NA
2018-09-17,fb,160.580002
2018-09-18,fb,160.300003
2018-09-19,fb,163.059998
2018-09-20,fb,166.020004
2018-09-21,fb,162.929993
2018-09-22,fb,NA
2018-09-23,fb,NA
2018-09-24,fb,165.410004
2018-09-25,fb,164.910004
2018-09-26,fb,166.949997
2018-09-27,fb,168.839996
2018-09-28,fb,164.460007
2018-09-29,fb,NA
2018-09-30,fb,NA
2018-10-01,fb,162.440002
2018-10-02,fb,159.330002
2018-10-03,fb,162.429993
2018-10-04,fb,158.850006
2018-10-05,fb,157.330002
2018-10-06,fb,NA
2018-10-07,fb,NA
2018-10-08,fb,157.25
2018-10-09,fb,157.899994
2018-10-10,fb,151.380005
2018-10-11,fb,153.350006
2018-10-12,fb,153.740005
2018-10-13,fb,NA
2018-10-14,fb,NA
2018-10-15,fb,153.520004
2018-10-16,fb,158.779999
2018-10-17,fb,159.419998
2018-10-18,fb,154.919998
2018-10-19,fb,154.050003
2018-10-20,fb,NA
2018-10-21,fb,NA
2018-10-22,fb,154.779999
2018-10-23,fb,154.389999
2018-10-24,fb,146.039993
2018-10-25,fb,150.949997
2018-10-26,fb,145.369995
2018-10-27,fb,NA
2018-10-28,fb,NA
2018-10-29,fb,142.089996
2018-10-30,fb,146.220001
2018-10-31,fb,151.789993
2018-11-01,fb,151.75
2018-11-02,fb,150.350006
2018-11-03,fb,NA
2018-11-04,fb,NA
2018-11-05,fb,148.679993
2018-11-06,fb,149.940002
2018-11-07,fb,151.529999
2018-11-08,fb,147.869995
2018-11-09,fb,144.960007
2018-11-10,fb,NA
2018-11-11,fb,NA
2018-11-12,fb,141.550003
2018-11-13,fb,142.160004
2018-11-14,fb,144.220001
2018-11-15,fb,143.850006
2018-11-16,fb,139.529999
2018-11-17,fb,NA
2018-11-18,fb,NA
2018-11-19,fb,131.550003
2018-11-20,fb,132.429993
2018-11-21,fb,134.820007
2018-11-22,fb,NA
2018-11-23,fb,131.729996
2018-11-24,fb,NA
2018-11-25,fb,NA
2018-11-26,fb,136.380005
2018-11-27,fb,135
2018-11-28,fb,136.759995
2018-11-29,fb,138.679993
2018-11-30,fb,140.610001
2018-12-01,fb,NA
2018-12-02,fb,NA
2018-12-03,fb,141.089996
2018-12-04,fb,137.929993
2018-12-05,fb,NA
2018-12-06,fb,139.630005
2018-12-07,fb,137.419998
2018-12-08,fb,NA
2018-12-09,fb,NA
2018-12-10,fb,141.850006
2018-12-11,fb,142.080002
2018-12-12,fb,144.5
2018-12-13,fb,145.009995
2018-12-14,fb,144.059998
2018-12-15,fb,NA
2018-12-16,fb,NA
2018-12-17,fb,140.190002
2018-12-18,fb,143.660004
2018-12-19,fb,133.240005
2018-12-20,fb,133.399994
2018-12-21,fb,124.949997
2018-12-22,fb,NA
2018-12-23,fb,NA
2018-12-24,fb,124.059998
2018-12-25,fb,NA
2018-12-26,fb,134.179993
2018-12-27,fb,134.520004
2018-12-28,fb,133.199997
2018-12-29,fb,NA
2018-12-30,fb,NA
2018-12-31,fb,131.089996
2019-01-01,fb,NA
2019-01-02,fb,135.679993
2019-01-03,fb,131.740005
2019-01-04,fb,137.949997
2019-01-05,fb,NA
2019-01-06,fb,NA
2019-01-07,fb,138.050003
2019-01-08,fb,142.529999
2019-01-09,fb,144.229996
2019-01-10,fb,144.199997
2019-01-11,fb,143.800003
2019-01-12,fb,NA
2019-01-13,fb,NA
2019-01-14,fb,145.389999
2019-01-15,fb,148.949997
2019-01-16,fb,147.539993
2019-01-17,fb,148.300003
2019-01-18,fb,150.039993
2019-01-19,fb,NA
2019-01-20,fb,NA
2019-01-21,fb,NA
2019-01-22,fb,147.570007
2019-01-23,fb,144.300003
2019-01-24,fb,145.830002
2019-01-25,fb,149.009995
2019-01-26,fb,NA
2019-01-27,fb,NA
2019-01-28,fb,147.470001
2019-01-29,fb,144.190002
2019-01-30,fb,150.419998
2019-01-31,fb,166.690002
2019-02-01,fb,165.710007
2019-02-02,fb,NA
2019-02-03,fb,NA
2019-02-04,fb,169.25
2019-02-05,fb,171.160004
2019-02-06,fb,170.490005
2019-02-07,fb,166.380005
2019-02-08,fb,167.330002
2019-02-09,fb,NA
2019-02-10,fb,NA
2019-02-11,fb,165.789993
2019-02-12,fb,165.039993
2019-02-13,fb,164.070007
2019-02-14,fb,163.949997
2019-02-15,fb,162.5
2019-02-16,fb,NA
2019-02-17,fb,NA
2019-02-18,fb,NA
2019-02-19,fb,162.289993
2019-02-20,fb,162.559998
2019-02-21,fb,160.039993
2019-02-22,fb,161.889999
2019-02-23,fb,NA
2019-02-24,fb,NA
2019-02-25,fb,164.619995
2019-02-26,fb,164.130005
2019-02-27,fb,162.809998
2019-02-28,fb,161.449997
2019-03-01,fb,162.279999
2019-03-02,fb,NA
2019-03-03,fb,NA
2019-03-04,fb,167.369995
2019-03-05,fb,171.259995
2019-03-06,fb,172.509995
2019-03-07,fb,169.130005
2019-03-08,fb,169.600006
2019-03-09,fb,NA
2019-03-10,fb,NA
2019-03-11,fb,172.070007
2019-03-12,fb,171.919998
2019-03-13,fb,173.369995
2019-03-14,fb,170.169998
2019-03-15,fb,165.979996
2019-03-16,fb,NA
2019-03-17,fb,NA
2019-03-18,fb,160.470001
2019-03-19,fb,161.570007
2019-03-20,fb,165.440002
2019-03-21,fb,166.080002
2019-03-22,fb,164.339996
2019-03-23,fb,NA
2019-03-24,fb,NA
2019-03-25,fb,166.289993
2019-03-26,fb,167.679993
2019-03-27,fb,165.869995
2019-03-28,fb,165.550003
2019-03-29,fb,166.690002
2019-03-30,fb,NA
2019-03-31,fb,NA
2019-04-01,fb,168.699997
2019-04-02,fb,174.199997
2019-04-03,fb,173.539993
2019-04-04,fb,176.020004
2019-04-05,fb,175.720001
2019-04-06,fb,NA
2019-04-07,fb,NA
2019-04-08,fb,174.929993
2019-04-09,fb,177.580002
2019-04-10,fb,177.820007
2019-04-11,fb,177.509995
2019-04-12,fb,179.100006
2019-04-13,fb,NA
2019-04-14,fb,NA
2019-04-15,fb,179.649994
2019-04-16,fb,178.869995
2019-04-17,fb,178.779999
2019-04-18,fb,178.279999
2019-04-19,fb,NA
2019-04-20,fb,NA
2019-04-21,fb,NA
2019-04-22,fb,181.440002
2019-04-23,fb,183.779999
2019-04-24,fb,182.580002
2019-04-25,fb,193.259995
2019-04-26,fb,191.490005
2019-04-27,fb,NA
2019-04-28,fb,NA
2019-04-29,fb,194.779999
2019-04-30,fb,193.399994
2019-05-01,fb,193.029999
2019-05-02,fb,192.529999
2019-05-03,fb,195.470001
2019-05-04,fb,NA
2019-05-05,fb,NA
2019-05-06,fb,193.880005
2019-05-07,fb,189.770004
2019-05-08,fb,189.539993
2019-05-09,fb,188.649994
2019-05-10,fb,188.339996
2019-05-11,fb,NA
2019-05-12,fb,NA
2019-05-13,fb,181.539993
2019-05-14,fb,180.729996
2019-05-15,fb,186.270004
2019-05-16,fb,186.990005
2019-05-17,fb,185.300003
2019-05-18,fb,NA
2019-05-19,fb,NA
2019-05-20,fb,182.720001
2019-05-21,fb,184.820007
2019-05-22,fb,185.320007
2019-05-23,fb,180.869995
2019-05-24,fb,181.059998
2019-05-25,fb,NA
2019-05-26,fb,NA
2016-01-01,goog,NA
2016-01-02,goog,NA
2016-01-03,goog,NA
2016-01-04,goog,741.840027
2016-01-05,goog,742.580017
2016-01-06,goog,743.619995
2016-01-07,goog,726.390015
2016-01-08,goog,714.469971
2016-01-09,goog,NA
2016-01-10,goog,NA
2016-01-11,goog,716.030029
2016-01-12,goog,726.070007
2016-01-13,goog,700.559998
2016-01-14,goog,714.719971
2016-01-15,goog,694.450012
2016-01-16,goog,NA
2016-01-17,goog,NA
2016-01-18,goog,NA
2016-01-19,goog,701.789978
2016-01-20,goog,698.450012
2016-01-21,goog,706.590027
2016-01-22,goog,725.25
2016-01-23,goog,NA
2016-01-24,goog,NA
2016-01-25,goog,711.669983
2016-01-26,goog,713.039978
2016-01-27,goog,699.98999
2016-01-28,goog,730.960022
2016-01-29,goog,742.950012
2016-01-30,goog,NA
2016-01-31,goog,NA
2016-02-01,goog,752
2016-02-02,goog,764.650024
2016-02-03,goog,726.950012
2016-02-04,goog,708.01001
2016-02-05,goog,683.570007
2016-02-06,goog,NA
2016-02-07,goog,NA
2016-02-08,goog,682.73999
2016-02-09,goog,678.109985
2016-02-10,goog,684.119995
2016-02-11,goog,683.109985
2016-02-12,goog,682.400024
2016-02-13,goog,NA
2016-02-14,goog,NA
2016-02-15,goog,NA
2016-02-16,goog,691
2016-02-17,goog,708.400024
2016-02-18,goog,697.349976
2016-02-19,goog,700.909973
2016-02-20,goog,NA
2016-02-21,goog,NA
2016-02-22,goog,706.460022
2016-02-23,goog,695.849976
2016-02-24,goog,699.559998
2016-02-25,goog,705.75
2016-02-26,goog,705.070007
2016-02-27,goog,NA
2016-02-28,goog,NA
2016-02-29,goog,697.77002
2016-03-01,goog,718.809998
2016-03-02,goog,718.849976
2016-03-03,goog,712.419983
2016-03-04,goog,710.890015
2016-03-05,goog,NA
2016-03-06,goog,NA
2016-03-07,goog,695.159973
2016-03-08,goog,693.969971
2016-03-09,goog,705.23999
2016-03-10,goog,712.820007
2016-03-11,goog,726.820007
2016-03-12,goog,NA
2016-03-13,goog,NA
2016-03-14,goog,730.48999
2016-03-15,goog,728.330017
2016-03-16,goog,736.090027
2016-03-17,goog,737.780029
2016-03-18,goog,737.599976
2016-03-19,goog,NA
2016-03-20,goog,NA
2016-03-21,goog,742.090027
2016-03-22,goog,740.75
2016-03-23,goog,738.059998
2016-03-24,goog,735.299988
2016-03-25,goog,NA
2016-03-26,goog,NA
2016-03-27,goog,NA
2016-03-28,goog,733.530029
2016-03-29,goog,744.77002
2016-03-30,goog,750.530029
2016-03-31,goog,744.950012
2016-04-01,goog,749.909973
2016-04-02,goog,NA
2016-04-03,goog,NA
2016-04-04,goog,745.289978
2016-04-05,goog,737.799988
2016-04-06,goog,745.690002
2016-04-07,goog,740.280029
2016-04-08,goog,739.150024
2016-04-09,goog,NA
2016-04-10,goog,NA
2016-04-11,goog,736.099976
2016-04-12,goog,743.090027
2016-04-13,goog,751.719971
2016-04-14,goog,753.200012
2016-04-15,goog,759
2016-04-16,goog,NA
2016-04-17,goog,NA
2016-04-18,goog,766.609985
2016-04-19,goog,753.929993
2016-04-20,goog,752.669983
2016-04-21,goog,759.140015
2016-04-22,goog,718.77002
2016-04-23,goog,NA
2016-04-24,goog,NA
2016-04-25,goog,723.150024
2016-04-26,goog,708.140015
2016-04-27,goog,705.840027
2016-04-28,goog,691.02002
2016-04-29,goog,693.01001
2016-04-30,goog,NA
2016-05-01,goog,NA
2016-05-02,goog,698.210022
2016-05-03,goog,692.359985
2016-05-04,goog,695.700012
2016-05-05,goog,701.429993
2016-05-06,goog,711.119995
2016-05-07,goog,NA
2016-05-08,goog,NA
2016-05-09,goog,712.900024
2016-05-10,goog,723.179993
2016-05-11,goog,715.289978
2016-05-12,goog,713.309998
2016-05-13,goog,710.830017
2016-05-14,goog,NA
2016-05-15,goog,NA
2016-05-16,goog,716.48999
2016-05-17,goog,706.22998
2016-05-18,goog,706.630005
2016-05-19,goog,700.320007
2016-05-20,goog,709.73999
2016-05-21,goog,NA
2016-05-22,goog,NA
2016-05-23,goog,704.23999
2016-05-24,goog,720.090027
2016-05-25,goog,725.27002
2016-05-26,goog,724.119995
2016-05-27,goog,732.659973
2016-05-28,goog,NA
2016-05-29,goog,NA
2016-05-30,goog,NA
2016-05-31,goog,735.719971
2016-06-01,goog,734.150024
2016-06-02,goog,730.400024
2016-06-03,goog,722.340027
2016-06-04,goog,NA
2016-06-05,goog,NA
2016-06-06,goog,716.549988
2016-06-07,goog,716.650024
2016-06-08,goog,728.280029
2016-06-09,goog,728.580017
2016-06-10,goog,719.409973
2016-06-11,goog,NA
2016-06-12,goog,NA
2016-06-13,goog,718.359985
2016-06-14,goog,718.27002
2016-06-15,goog,718.919983
2016-06-16,goog,710.359985
2016-06-17,goog,691.719971
2016-06-18,goog,NA
2016-06-19,goog,NA
2016-06-20,goog,693.710022
2016-06-21,goog,695.940002
2016-06-22,goog,697.460022
2016-06-23,goog,701.869995
2016-06-24,goog,675.219971
2016-06-25,goog,NA
2016-06-26,goog,NA
2016-06-27,goog,668.26001
2016-06-28,goog,680.039978
2016-06-29,goog,684.109985
2016-06-30,goog,692.099976
2016-07-01,goog,699.210022
2016-07-02,goog,NA
2016-07-03,goog,NA
2016-07-04,goog,NA
2016-07-05,goog,694.950012
2016-07-06,goog,697.77002
2016-07-07,goog,695.359985
2016-07-08,goog,705.630005
2016-07-09,goog,NA
2016-07-10,goog,NA
2016-07-11,goog,715.090027
2016-07-12,goog,720.640015
2016-07-13,goog,716.97998
2016-07-14,goog,720.950012
2016-07-15,goog,719.849976
2016-07-16,goog,NA
2016-07-17,goog,NA
2016-07-18,goog,733.780029
2016-07-19,goog,736.960022
2016-07-20,goog,741.190002
2016-07-21,goog,738.630005
2016-07-22,goog,742.73999
2016-07-23,goog,NA
2016-07-24,goog,NA
2016-07-25,goog,739.77002
2016-07-26,goog,738.419983
2016-07-27,goog,741.77002
2016-07-28,goog,745.909973
2016-07-29,goog,768.789978
2016-07-30,goog,NA
2016-07-31,goog,NA
2016-08-01,goog,772.880005
2016-08-02,goog,771.070007
2016-08-03,goog,773.179993
2016-08-04,goog,771.609985
2016-08-05,goog,782.219971
2016-08-06,goog,NA
2016-08-07,goog,NA
2016-08-08,goog,781.76001
2016-08-09,goog,784.26001
2016-08-10,goog,784.679993
2016-08-11,goog,784.849976
2016-08-12,goog,783.219971
2016-08-13,goog,NA
2016-08-14,goog,NA
2016-08-15,goog,782.440002
2016-08-16,goog,777.140015
2016-08-17,goog,779.909973
2016-08-18,goog,777.5
2016-08-19,goog,775.419983
2016-08-20,goog,NA
2016-08-21,goog,NA
2016-08-22,goog,772.150024
2016-08-23,goog,772.080017
2016-08-24,goog,769.640015
2016-08-25,goog,769.409973
2016-08-26,goog,769.539978
2016-08-27,goog,NA
2016-08-28,goog,NA
2016-08-29,goog,772.150024
2016-08-30,goog,769.090027
2016-08-31,goog,767.049988
2016-09-01,goog,768.780029
2016-09-02,goog,771.460022
2016-09-03,goog,NA
2016-09-04,goog,NA
2016-09-05,goog,NA
2016-09-06,goog,780.080017
2016-09-07,goog,780.349976
2016-09-08,goog,775.320007
2016-09-09,goog,759.659973
2016-09-10,goog,NA
2016-09-11,goog,NA
2016-09-12,goog,769.02002
2016-09-13,goog,759.690002
2016-09-14,goog,762.48999
2016-09-15,goog,771.76001
2016-09-16,goog,768.880005
2016-09-17,goog,NA
2016-09-18,goog,NA
2016-09-19,goog,765.700012
2016-09-20,goog,771.409973
2016-09-21,goog,776.219971
2016-09-22,goog,787.210022
2016-09-23,goog,786.900024
2016-09-24,goog,NA
2016-09-25,goog,NA
2016-09-26,goog,774.210022
2016-09-27,goog,783.01001
2016-09-28,goog,781.559998
2016-09-29,goog,775.01001
2016-09-30,goog,777.289978
2016-10-01,goog,NA
2016-10-02,goog,NA
2016-10-03,goog,772.559998
2016-10-04,goog,776.429993
2016-10-05,goog,776.469971
2016-10-06,goog,776.859985
2016-10-07,goog,775.080017
2016-10-08,goog,NA
2016-10-09,goog,NA
2016-10-10,goog,785.940002
2016-10-11,goog,783.070007
2016-10-12,goog,786.140015
2016-10-13,goog,778.190002
2016-10-14,goog,778.530029
2016-10-15,goog,NA
2016-10-16,goog,NA
2016-10-17,goog,779.960022
2016-10-18,goog,795.26001
2016-10-19,goog,801.5
2016-10-20,goog,796.969971
2016-10-21,goog,799.369995
2016-10-22,goog,NA
2016-10-23,goog,NA
2016-10-24,goog,813.109985
2016-10-25,goog,807.669983
2016-10-26,goog,799.070007
2016-10-27,goog,795.349976
2016-10-28,goog,795.369995
2016-10-29,goog,NA
2016-10-30,goog,NA
2016-10-31,goog,784.539978
2016-11-01,goog,783.609985
2016-11-02,goog,768.700012
2016-11-03,goog,762.130005
2016-11-04,goog,762.02002
2016-11-05,goog,NA
2016-11-06,goog,NA
2016-11-07,goog,782.52002
2016-11-08,goog,790.51001
2016-11-09,goog,785.309998
2016-11-10,goog,762.559998
2016-11-11,goog,754.02002
2016-11-12,goog,NA
2016-11-13,goog,NA
2016-11-14,goog,736.080017
2016-11-15,goog,758.48999
2016-11-16,goog,764.47998
2016-11-17,goog,771.22998
2016-11-18,goog,760.539978
2016-11-19,goog,NA
2016-11-20,goog,NA
2016-11-21,goog,769.200012
2016-11-22,goog,768.27002
2016-11-23,goog,760.98999
2016-11-24,goog,NA
2016-11-25,goog,761.679993
2016-11-26,goog,NA
2016-11-27,goog,NA
2016-11-28,goog,768.23999
2016-11-29,goog,770.840027
2016-11-30,goog,758.039978
2016-12-01,goog,747.919983
2016-12-02,goog,750.5
2016-12-03,goog,NA
2016-12-04,goog,NA
2016-12-05,goog,762.52002
2016-12-06,goog,759.109985
2016-12-07,goog,771.190002
2016-12-08,goog,776.419983
2016-12-09,goog,789.289978
2016-12-10,goog,NA
2016-12-11,goog,NA
2016-12-12,goog,789.27002
2016-12-13,goog,796.099976
2016-12-14,goog,797.070007
2016-12-15,goog,797.849976
2016-12-16,goog,790.799988
2016-12-17,goog,NA
2016-12-18,goog,NA
2016-12-19,goog,794.200012
2016-12-20,goog,796.419983
2016-12-21,goog,794.559998
2016-12-22,goog,791.26001
2016-12-23,goog,789.909973
2016-12-24,goog,NA
2016-12-25,goog,NA
2016-12-26,goog,NA
2016-12-27,goog,791.549988
2016-12-28,goog,785.049988
2016-12-29,goog,782.789978
2016-12-30,goog,771.820007
2016-12-31,goog,NA
2017-01-01,goog,NA
2017-01-02,goog,NA
2017-01-03,goog,786.140015
2017-01-04,goog,786.900024
2017-01-05,goog,794.02002
2017-01-06,goog,806.150024
2017-01-07,goog,NA
2017-01-08,goog,NA
2017-01-09,goog,806.650024
2017-01-10,goog,804.789978
2017-01-11,goog,807.909973
2017-01-12,goog,806.359985
2017-01-13,goog,807.880005
2017-01-14,goog,NA
2017-01-15,goog,NA
2017-01-16,goog,NA
2017-01-17,goog,804.609985
2017-01-18,goog,806.070007
2017-01-19,goog,802.174988
2017-01-20,goog,805.02002
2017-01-21,goog,NA
2017-01-22,goog,NA
2017-01-23,goog,819.309998
2017-01-24,goog,823.869995
2017-01-25,goog,835.669983
2017-01-26,goog,832.150024
2017-01-27,goog,823.309998
2017-01-28,goog,NA
2017-01-29,goog,NA
2017-01-30,goog,802.320007
2017-01-31,goog,796.789978
2017-02-01,goog,795.695007
2017-02-02,goog,798.530029
2017-02-03,goog,801.48999
2017-02-04,goog,NA
2017-02-05,goog,NA
2017-02-06,goog,801.340027
2017-02-07,goog,806.969971
2017-02-08,goog,808.380005
2017-02-09,goog,809.559998
2017-02-10,goog,813.669983
2017-02-11,goog,NA
2017-02-12,goog,NA
2017-02-13,goog,819.23999
2017-02-14,goog,820.450012
2017-02-15,goog,818.97998
2017-02-16,goog,824.159973
2017-02-17,goog,828.070007
2017-02-18,goog,NA
2017-02-19,goog,NA
2017-02-20,goog,NA
2017-02-21,goog,831.659973
2017-02-22,goog,830.76001
2017-02-23,goog,831.330017
2017-02-24,goog,828.640015
2017-02-25,goog,NA
2017-02-26,goog,NA
2017-02-27,goog,829.280029
2017-02-28,goog,823.210022
2017-03-01,goog,835.23999
2017-03-02,goog,830.630005
2017-03-03,goog,829.080017
2017-03-04,goog,NA
2017-03-05,goog,NA
2017-03-06,goog,827.780029
2017-03-07,goog,831.909973
2017-03-08,goog,835.369995
2017-03-09,goog,838.679993
2017-03-10,goog,843.25
2017-03-11,goog,NA
2017-03-12,goog,NA
2017-03-13,goog,845.539978
2017-03-14,goog,845.619995
2017-03-15,goog,847.200012
2017-03-16,goog,848.780029
2017-03-17,goog,852.119995
2017-03-18,goog,NA
2017-03-19,goog,NA
2017-03-20,goog,848.400024
2017-03-21,goog,830.460022
2017-03-22,goog,829.590027
2017-03-23,goog,817.580017
2017-03-24,goog,814.429993
2017-03-25,goog,NA
2017-03-26,goog,NA
2017-03-27,goog,819.51001
2017-03-28,goog,820.919983
2017-03-29,goog,831.409973
2017-03-30,goog,831.5
2017-03-31,goog,829.559998
2017-04-01,goog,NA
2017-04-02,goog,NA
2017-04-03,goog,838.549988
2017-04-04,goog,834.570007
2017-04-05,goog,831.409973
2017-04-06,goog,827.880005
2017-04-07,goog,824.669983
2017-04-08,goog,NA
2017-04-09,goog,NA
2017-04-10,goog,824.72998
2017-04-11,goog,823.349976
2017-04-12,goog,824.320007
2017-04-13,goog,823.559998
2017-04-14,goog,NA
2017-04-15,goog,NA
2017-04-16,goog,NA
2017-04-17,goog,837.169983
2017-04-18,goog,836.820007
2017-04-19,goog,838.210022
2017-04-20,goog,841.650024
2017-04-21,goog,843.190002
2017-04-22,goog,NA
2017-04-23,goog,NA
2017-04-24,goog,862.76001
2017-04-25,goog,872.299988
2017-04-26,goog,871.72998
2017-04-27,goog,874.25
2017-04-28,goog,905.960022
2017-04-29,goog,NA
2017-04-30,goog,NA
2017-05-01,goog,912.570007
2017-05-02,goog,916.440002
2017-05-03,goog,927.039978
2017-05-04,goog,931.659973
2017-05-05,goog,927.130005
2017-05-06,goog,NA
2017-05-07,goog,NA
2017-05-08,goog,934.299988
2017-05-09,goog,932.169983
2017-05-10,goog,928.780029
2017-05-11,goog,930.599976
2017-05-12,goog,932.219971
2017-05-13,goog,NA
2017-05-14,goog,NA
2017-05-15,goog,937.080017
2017-05-16,goog,943
2017-05-17,goog,919.619995
2017-05-18,goog,930.23999
2017-05-19,goog,934.01001
2017-05-20,goog,NA
2017-05-21,goog,NA
2017-05-22,goog,941.859985
2017-05-23,goog,948.820007
2017-05-24,goog,954.960022
2017-05-25,goog,969.539978
2017-05-26,goog,971.469971
2017-05-27,goog,NA
2017-05-28,goog,NA
2017-05-29,goog,NA
2017-05-30,goog,975.880005
2017-05-31,goog,964.859985
2017-06-01,goog,966.950012
2017-06-02,goog,975.599976
2017-06-03,goog,NA
2017-06-04,goog,NA
2017-06-05,goog,983.679993
2017-06-06,goog,976.570007
2017-06-07,goog,980.940002
2017-06-08,goog,983.409973
2017-06-09,goog,949.830017
2017-06-10,goog,NA
2017-06-11,goog,NA
2017-06-12,goog,942.900024
2017-06-13,goog,953.400024
2017-06-14,goog,950.76001
2017-06-15,goog,942.309998
2017-06-16,goog,939.780029
2017-06-17,goog,NA
2017-06-18,goog,NA
2017-06-19,goog,957.369995
2017-06-20,goog,950.630005
2017-06-21,goog,959.450012
2017-06-22,goog,957.090027
2017-06-23,goog,965.590027
2017-06-24,goog,NA
2017-06-25,goog,NA
2017-06-26,goog,952.27002
2017-06-27,goog,927.330017
2017-06-28,goog,940.48999
2017-06-29,goog,917.789978
2017-06-30,goog,908.72998
2017-07-01,goog,NA
2017-07-02,goog,NA
2017-07-03,goog,898.700012
2017-07-04,goog,NA
2017-07-05,goog,911.710022
2017-07-06,goog,906.690002
2017-07-07,goog,918.590027
2017-07-08,goog,NA
2017-07-09,goog,NA
2017-07-10,goog,928.799988
2017-07-11,goog,930.090027
2017-07-12,goog,943.830017
2017-07-13,goog,947.159973
2017-07-14,goog,955.98999
2017-07-15,goog,NA
2017-07-16,goog,NA
2017-07-17,goog,953.419983
2017-07-18,goog,965.400024
2017-07-19,goog,970.890015
2017-07-20,goog,968.150024
2017-07-21,goog,972.919983
2017-07-22,goog,NA
2017-07-23,goog,NA
2017-07-24,goog,980.340027
2017-07-25,goog,950.700012
2017-07-26,goog,947.799988
2017-07-27,goog,934.090027
2017-07-28,goog,941.530029
2017-07-29,goog,NA
2017-07-30,goog,NA
2017-07-31,goog,930.5
2017-08-01,goog,930.830017
2017-08-02,goog,930.390015
2017-08-03,goog,923.650024
2017-08-04,goog,927.960022
2017-08-05,goog,NA
2017-08-06,goog,NA
2017-08-07,goog,929.359985
2017-08-08,goog,926.789978
2017-08-09,goog,922.900024
2017-08-10,goog,907.23999
2017-08-11,goog,914.390015
2017-08-12,goog,NA
2017-08-13,goog,NA
2017-08-14,goog,922.669983
2017-08-15,goog,922.219971
2017-08-16,goog,926.960022
2017-08-17,goog,910.97998
2017-08-18,goog,910.669983
2017-08-19,goog,NA
2017-08-20,goog,NA
2017-08-21,goog,906.659973
2017-08-22,goog,924.690002
2017-08-23,goog,927
2017-08-24,goog,921.280029
2017-08-25,goog,915.890015
2017-08-26,goog,NA
2017-08-27,goog,NA
2017-08-28,goog,913.809998
2017-08-29,goog,921.289978
2017-08-30,goog,929.570007
2017-08-31,goog,939.330017
2017-09-01,goog,937.340027
2017-09-02,goog,NA
2017-09-03,goog,NA
2017-09-04,goog,NA
2017-09-05,goog,928.450012
2017-09-06,goog,927.809998
2017-09-07,goog,935.950012
2017-09-08,goog,926.5
2017-09-09,goog,NA
2017-09-10,goog,NA
2017-09-11,goog,929.080017
2017-09-12,goog,932.070007
2017-09-13,goog,935.090027
2017-09-14,goog,925.109985
2017-09-15,goog,920.289978
2017-09-16,goog,NA
2017-09-17,goog,NA
2017-09-18,goog,915
2017-09-19,goog,921.809998
2017-09-20,goog,931.580017
2017-09-21,goog,932.450012
2017-09-22,goog,928.530029
2017-09-23,goog,NA
2017-09-24,goog,NA
2017-09-25,goog,920.969971
2017-09-26,goog,924.859985
2017-09-27,goog,944.48999
2017-09-28,goog,949.5
2017-09-29,goog,959.109985
2017-09-30,goog,NA
2017-10-01,goog,NA
2017-10-02,goog,953.27002
2017-10-03,goog,957.789978
2017-10-04,goog,951.679993
2017-10-05,goog,969.960022
2017-10-06,goog,978.890015
2017-10-07,goog,NA
2017-10-08,goog,NA
2017-10-09,goog,977
2017-10-10,goog,972.599976
2017-10-11,goog,989.25
2017-10-12,goog,987.830017
2017-10-13,goog,989.679993
2017-10-14,goog,NA
2017-10-15,goog,NA
2017-10-16,goog,992
2017-10-17,goog,992.179993
2017-10-18,goog,992.809998
2017-10-19,goog,984.450012
2017-10-20,goog,988.200012
2017-10-21,goog,NA
2017-10-22,goog,NA
2017-10-23,goog,968.450012
2017-10-24,goog,970.539978
2017-10-25,goog,973.330017
2017-10-26,goog,972.559998
2017-10-27,goog,1019.27002
2017-10-28,goog,NA
2017-10-29,goog,NA
2017-10-30,goog,1017.109985
2017-10-31,goog,1016.640015
2017-11-01,goog,1025.5
2017-11-02,goog,1025.579956
2017-11-03,goog,1032.47998
2017-11-04,goog,NA
2017-11-05,goog,NA
2017-11-06,goog,1025.900024
2017-11-07,goog,1033.329956
2017-11-08,goog,1039.849976
2017-11-09,goog,1031.26001
2017-11-10,goog,1028.069946
2017-11-11,goog,NA
2017-11-12,goog,NA
2017-11-13,goog,1025.75
2017-11-14,goog,1026
2017-11-15,goog,1020.909973
2017-11-16,goog,1032.5
2017-11-17,goog,1019.090027
2017-11-18,goog,NA
2017-11-19,goog,NA
2017-11-20,goog,1018.380005
2017-11-21,goog,1034.48999
2017-11-22,goog,1035.959961
2017-11-23,goog,NA
2017-11-24,goog,1040.609985
2017-11-25,goog,NA
2017-11-26,goog,NA
2017-11-27,goog,1054.209961
2017-11-28,goog,1047.410034
2017-11-29,goog,1021.659973
2017-11-30,goog,1021.409973
2017-12-01,goog,1010.169983
2017-12-02,goog,NA
2017-12-03,goog,NA
2017-12-04,goog,998.679993
2017-12-05,goog,1005.150024
2017-12-06,goog,1018.380005
2017-12-07,goog,1030.930054
2017-12-08,goog,1037.050049
2017-12-09,goog,NA
2017-12-10,goog,NA
2017-12-11,goog,1041.099976
2017-12-12,goog,1040.47998
2017-12-13,goog,1040.609985
2017-12-14,goog,1049.150024
2017-12-15,goog,1064.189941
2017-12-16,goog,NA
2017-12-17,goog,NA
2017-12-18,goog,1077.140015
2017-12-19,goog,1070.680054
2017-12-20,goog,1064.949951
2017-12-21,goog,1063.630005
2017-12-22,goog,1060.119995
2017-12-23,goog,NA
2017-12-24,goog,NA
2017-12-25,goog,NA
2017-12-26,goog,1056.73999
2017-12-27,goog,1049.369995
2017-12-28,goog,1048.140015
2017-12-29,goog,1046.400024
2017-12-30,goog,NA
2017-12-31,goog,NA
2018-01-01,goog,NA
2018-01-02,goog,1065
2018-01-03,goog,1082.47998
2018-01-04,goog,1086.400024
2018-01-05,goog,1102.22998
2018-01-06,goog,NA
2018-01-07,goog,NA
2018-01-08,goog,1106.939941
2018-01-09,goog,1106.26001
2018-01-10,goog,1102.609985
2018-01-11,goog,1105.52002
2018-01-12,goog,1122.26001
2018-01-13,goog,NA
2018-01-14,goog,NA
2018-01-15,goog,NA
2018-01-16,goog,1121.76001
2018-01-17,goog,1131.97998
2018-01-18,goog,1129.790039
2018-01-19,goog,1137.51001
2018-01-20,goog,NA
2018-01-21,goog,NA
2018-01-22,goog,1155.810059
2018-01-23,goog,1169.969971
2018-01-24,goog,1164.23999
2018-01-25,goog,1170.369995
2018-01-26,goog,1175.839966
2018-01-27,goog,NA
2018-01-28,goog,NA
2018-01-29,goog,1175.579956
2018-01-30,goog,1163.689941
2018-01-31,goog,1169.939941
2018-02-01,goog,1167.699951
2018-02-02,goog,1111.900024
2018-02-03,goog,NA
2018-02-04,goog,NA
2018-02-05,goog,1055.800049
2018-02-06,goog,1080.599976
2018-02-07,goog,1048.579956
2018-02-08,goog,1001.52002
2018-02-09,goog,1037.780029
2018-02-10,goog,NA
2018-02-11,goog,NA
2018-02-12,goog,1051.939941
2018-02-13,goog,1052.099976
2018-02-14,goog,1069.699951
2018-02-15,goog,1089.52002
2018-02-16,goog,1094.800049
2018-02-17,goog,NA
2018-02-18,goog,NA
2018-02-19,goog,NA
2018-02-20,goog,1102.459961
2018-02-21,goog,1111.339966
2018-02-22,goog,1106.630005
2018-02-23,goog,1126.790039
2018-02-24,goog,NA
2018-02-25,goog,NA
2018-02-26,goog,1143.75
2018-02-27,goog,1118.290039
2018-02-28,goog,1104.72998
2018-03-01,goog,1069.52002
2018-03-02,goog,1078.920044
2018-03-03,goog,NA
2018-03-04,goog,NA
2018-03-05,goog,1090.930054
2018-03-06,goog,1095.060059
2018-03-07,goog,1109.640015
2018-03-08,goog,1126
2018-03-09,goog,1160.040039
2018-03-10,goog,NA
2018-03-11,goog,NA
2018-03-12,goog,1164.5
2018-03-13,goog,1138.170044
2018-03-14,goog,1149.48999
2018-03-15,goog,1149.579956
2018-03-16,goog,1135.72998
2018-03-17,goog,NA
2018-03-18,goog,NA
2018-03-19,goog,1099.819946
2018-03-20,goog,1097.709961
2018-03-21,goog,1090.880005
2018-03-22,goog,1049.079956
2018-03-23,goog,1021.570007
2018-03-24,goog,NA
2018-03-25,goog,NA
2018-03-26,goog,1053.209961
2018-03-27,goog,1005.099976
2018-03-28,goog,1004.559998
2018-03-29,goog,1031.790039
2018-03-30,goog,NA
2018-03-31,goog,NA
2018-04-01,goog,NA
2018-04-02,goog,1006.469971
2018-04-03,goog,1013.409973
2018-04-04,goog,1025.140015
2018-04-05,goog,1027.810059
2018-04-06,goog,1007.039978
2018-04-07,goog,NA
2018-04-08,goog,NA
2018-04-09,goog,1015.450012
2018-04-10,goog,1031.640015
2018-04-11,goog,1019.969971
2018-04-12,goog,1032.51001
2018-04-13,goog,1029.27002
2018-04-14,goog,NA
2018-04-15,goog,NA
2018-04-16,goog,1037.97998
2018-04-17,goog,1074.160034
2018-04-18,goog,1072.079956
2018-04-19,goog,1087.699951
2018-04-20,goog,1072.959961
2018-04-21,goog,NA
2018-04-22,goog,NA
2018-04-23,goog,1067.449951
2018-04-24,goog,1019.97998
2018-04-25,goog,1021.179993
2018-04-26,goog,1040.040039
2018-04-27,goog,1030.050049
2018-04-28,goog,NA
2018-04-29,goog,NA
2018-04-30,goog,1017.330017
2018-05-01,goog,1037.310059
2018-05-02,goog,1024.380005
2018-05-03,goog,1023.719971
2018-05-04,goog,1048.209961
2018-05-05,goog,NA
2018-05-06,goog,NA
2018-05-07,goog,1054.790039
2018-05-08,goog,1053.910034
2018-05-09,goog,1082.76001
2018-05-10,goog,1097.569946
2018-05-11,goog,1098.26001
2018-05-12,goog,NA
2018-05-13,goog,NA
2018-05-14,goog,1100.199951
2018-05-15,goog,1079.22998
2018-05-16,goog,1081.77002
2018-05-17,goog,1078.589966
2018-05-18,goog,1066.359985
2018-05-19,goog,NA
2018-05-20,goog,NA
2018-05-21,goog,1079.579956
2018-05-22,goog,1069.72998
2018-05-23,goog,1079.689941
2018-05-24,goog,1079.23999
2018-05-25,goog,1075.660034
2018-05-26,goog,NA
2018-05-27,goog,NA
2018-05-28,goog,NA
2018-05-29,goog,1060.319946
2018-05-30,goog,1067.800049
2018-05-31,goog,1084.98999
2018-06-01,goog,1119.5
2018-06-02,goog,NA
2018-06-03,goog,NA
2018-06-04,goog,1139.290039
2018-06-05,goog,1139.660034
2018-06-06,goog,1136.880005
2018-06-07,goog,1123.859985
2018-06-08,goog,1120.869995
2018-06-09,goog,NA
2018-06-10,goog,NA
2018-06-11,goog,1129.98999
2018-06-12,goog,1139.319946
2018-06-13,goog,1134.790039
2018-06-14,goog,1152.119995
2018-06-15,goog,1152.26001
2018-06-16,goog,NA
2018-06-17,goog,NA
2018-06-18,goog,1173.459961
2018-06-19,goog,1168.060059
2018-06-20,goog,1169.839966
2018-06-21,goog,1157.660034
2018-06-22,goog,1155.47998
2018-06-23,goog,NA
2018-06-24,goog,NA
2018-06-25,goog,1124.810059
2018-06-26,goog,1118.459961
2018-06-27,goog,1103.97998
2018-06-28,goog,1114.219971
2018-06-29,goog,1115.650024
2018-06-30,goog,NA
2018-07-01,goog,NA
2018-07-02,goog,1127.459961
2018-07-03,goog,1102.890015
2018-07-04,goog,NA
2018-07-05,goog,1124.27002
2018-07-06,goog,1140.170044
2018-07-07,goog,NA
2018-07-08,goog,NA
2018-07-09,goog,1154.050049
2018-07-10,goog,1152.839966
2018-07-11,goog,1153.900024
2018-07-12,goog,1183.47998
2018-07-13,goog,1188.819946
2018-07-14,goog,NA
2018-07-15,goog,NA
2018-07-16,goog,1183.859985
2018-07-17,goog,1198.800049
2018-07-18,goog,1195.880005
2018-07-19,goog,1186.959961
2018-07-20,goog,1184.910034
2018-07-21,goog,NA
2018-07-22,goog,NA
2018-07-23,goog,1205.5
2018-07-24,goog,1248.079956
2018-07-25,goog,1263.699951
2018-07-26,goog,1268.329956
2018-07-27,goog,1238.5
2018-07-28,goog,NA
2018-07-29,goog,NA
2018-07-30,goog,1219.73999
2018-07-31,goog,1217.26001
2018-08-01,goog,1220.01001
2018-08-02,goog,1226.150024
2018-08-03,goog,1223.709961
2018-08-04,goog,NA
2018-08-05,goog,NA
2018-08-06,goog,1224.77002
2018-08-07,goog,1242.219971
2018-08-08,goog,1245.609985
2018-08-09,goog,1249.099976
2018-08-10,goog,1237.609985
2018-08-11,goog,NA
2018-08-12,goog,NA
2018-08-13,goog,1235.01001
2018-08-14,goog,1242.099976
2018-08-15,goog,1214.380005
2018-08-16,goog,1206.48999
2018-08-17,goog,1200.959961
2018-08-18,goog,NA
2018-08-19,goog,NA
2018-08-20,goog,1207.77002
2018-08-21,goog,1201.619995
2018-08-22,goog,1207.329956
2018-08-23,goog,1205.380005
2018-08-24,goog,1220.650024
2018-08-25,goog,NA
2018-08-26,goog,NA
2018-08-27,goog,1241.819946
2018-08-28,goog,1231.150024
2018-08-29,goog,1249.300049
2018-08-30,goog,1239.119995
2018-08-31,goog,1218.189941
2018-09-01,goog,NA
2018-09-02,goog,NA
2018-09-03,goog,NA
2018-09-04,goog,1197
2018-09-05,goog,1186.47998
2018-09-06,goog,1171.439941
2018-09-07,goog,1164.829956
2018-09-08,goog,NA
2018-09-09,goog,NA
2018-09-10,goog,1164.640015
2018-09-11,goog,1177.359985
2018-09-12,goog,1162.819946
2018-09-13,goog,1175.329956
2018-09-14,goog,1172.530029
2018-09-15,goog,NA
2018-09-16,goog,NA
2018-09-17,goog,1156.050049
2018-09-18,goog,1161.219971
2018-09-19,goog,1171.089966
2018-09-20,goog,1186.869995
2018-09-21,goog,1166.089966
2018-09-22,goog,NA
2018-09-23,goog,NA
2018-09-24,goog,1173.369995
2018-09-25,goog,1184.650024
2018-09-26,goog,1180.48999
2018-09-27,goog,1194.640015
2018-09-28,goog,1193.469971
2018-09-29,goog,NA
2018-09-30,goog,NA
2018-10-01,goog,1195.310059
2018-10-02,goog,1200.109985
2018-10-03,goog,1202.949951
2018-10-04,goog,1168.189941
2018-10-05,goog,1157.349976
2018-10-06,goog,NA
2018-10-07,goog,NA
2018-10-08,goog,1148.969971
2018-10-09,goog,1138.819946
2018-10-10,goog,1081.219971
2018-10-11,goog,1079.319946
2018-10-12,goog,1110.079956
2018-10-13,goog,NA
2018-10-14,goog,NA
2018-10-15,goog,1092.25
2018-10-16,goog,1121.280029
2018-10-17,goog,1115.689941
2018-10-18,goog,1087.969971
2018-10-19,goog,1096.459961
2018-10-20,goog,NA
2018-10-21,goog,NA
2018-10-22,goog,1101.160034
2018-10-23,goog,1103.689941
2018-10-24,goog,1050.709961
2018-10-25,goog,1095.569946
2018-10-26,goog,1071.469971
2018-10-27,goog,NA
2018-10-28,goog,NA
2018-10-29,goog,1020.080017
2018-10-30,goog,1036.209961
2018-10-31,goog,1076.77002
2018-11-01,goog,1070
2018-11-02,goog,1057.790039
2018-11-03,goog,NA
2018-11-04,goog,NA
2018-11-05,goog,1040.089966
2018-11-06,goog,1055.810059
2018-11-07,goog,1093.390015
2018-11-08,goog,1082.400024
2018-11-09,goog,1066.150024
2018-11-10,goog,NA
2018-11-11,goog,NA
2018-11-12,goog,1038.630005
2018-11-13,goog,1036.050049
2018-11-14,goog,1043.660034
2018-11-15,goog,1064.709961
2018-11-16,goog,1061.48999
2018-11-17,goog,NA
2018-11-18,goog,NA
2018-11-19,goog,1020
2018-11-20,goog,1025.76001
2018-11-21,goog,1037.609985
2018-11-22,goog,NA
2018-11-23,goog,1023.880005
2018-11-24,goog,NA
2018-11-25,goog,NA
2018-11-26,goog,1048.619995
2018-11-27,goog,1044.410034
2018-11-28,goog,1086.22998
2018-11-29,goog,1088.300049
2018-11-30,goog,1094.430054
2018-12-01,goog,NA
2018-12-02,goog,NA
2018-12-03,goog,1106.430054
2018-12-04,goog,1050.819946
2018-12-05,goog,NA
2018-12-06,goog,1068.72998
2018-12-07,goog,1036.579956
2018-12-08,goog,NA
2018-12-09,goog,NA
2018-12-10,goog,1039.550049
2018-12-11,goog,1051.75
2018-12-12,goog,1063.680054
2018-12-13,goog,1061.900024
2018-12-14,goog,1042.099976
2018-12-15,goog,NA
2018-12-16,goog,NA
2018-12-17,goog,1016.530029
2018-12-18,goog,1028.709961
2018-12-19,goog,1023.01001
2018-12-20,goog,1009.409973
2018-12-21,goog,979.539978
2018-12-22,goog,NA
2018-12-23,goog,NA
2018-12-24,goog,976.219971
2018-12-25,goog,NA
2018-12-26,goog,1039.459961
2018-12-27,goog,1043.880005
2018-12-28,goog,1037.079956
2018-12-29,goog,NA
2018-12-30,goog,NA
2018-12-31,goog,1035.609985
2019-01-01,goog,NA
2019-01-02,goog,1045.849976
2019-01-03,goog,1016.059998
2019-01-04,goog,1070.709961
2019-01-05,goog,NA
2019-01-06,goog,NA
2019-01-07,goog,1068.390015
2019-01-08,goog,1076.280029
2019-01-09,goog,1074.660034
2019-01-10,goog,1070.329956
2019-01-11,goog,1057.189941
2019-01-12,goog,NA
2019-01-13,goog,NA
2019-01-14,goog,1044.689941
2019-01-15,goog,1077.150024
2019-01-16,goog,1080.969971
2019-01-17,goog,1089.900024
2019-01-18,goog,1098.26001
2019-01-19,goog,NA
2019-01-20,goog,NA
2019-01-21,goog,NA
2019-01-22,goog,1070.52002
2019-01-23,goog,1075.569946
2019-01-24,goog,1073.900024
2019-01-25,goog,1090.98999
2019-01-26,goog,NA
2019-01-27,goog,NA
2019-01-28,goog,1070.079956
2019-01-29,goog,1060.619995
2019-01-30,goog,1089.060059
2019-01-31,goog,1116.369995
2019-02-01,goog,1110.75
2019-02-02,goog,NA
2019-02-03,goog,NA
2019-02-04,goog,1132.800049
2019-02-05,goog,1145.98999
2019-02-06,goog,1115.22998
2019-02-07,goog,1098.709961
2019-02-08,goog,1095.060059
2019-02-09,goog,NA
2019-02-10,goog,NA
2019-02-11,goog,1095.01001
2019-02-12,goog,1121.369995
2019-02-13,goog,1120.160034
2019-02-14,goog,1121.670044
2019-02-15,goog,1113.650024
2019-02-16,goog,NA
2019-02-17,goog,NA
2019-02-18,goog,NA
2019-02-19,goog,1118.560059
2019-02-20,goog,1113.800049
2019-02-21,goog,1096.969971
2019-02-22,goog,1110.369995
2019-02-23,goog,NA
2019-02-24,goog,NA
2019-02-25,goog,1109.400024
2019-02-26,goog,1115.130005
2019-02-27,goog,1116.050049
2019-02-28,goog,1119.920044
2019-03-01,goog,1140.98999
2019-03-02,goog,NA
2019-03-03,goog,NA
2019-03-04,goog,1147.800049
2019-03-05,goog,1162.030029
2019-03-06,goog,1157.859985
2019-03-07,goog,1143.300049
2019-03-08,goog,1142.319946
2019-03-09,goog,NA
2019-03-10,goog,NA
2019-03-11,goog,1175.76001
2019-03-12,goog,1193.199951
2019-03-13,goog,1193.319946
2019-03-14,goog,1185.550049
2019-03-15,goog,1184.459961
2019-03-16,goog,NA
2019-03-17,goog,NA
2019-03-18,goog,1184.26001
2019-03-19,goog,1198.849976
2019-03-20,goog,1223.969971
2019-03-21,goog,1231.540039
2019-03-22,goog,1205.5
2019-03-23,goog,NA
2019-03-24,goog,NA
2019-03-25,goog,1193
2019-03-26,goog,1184.619995
2019-03-27,goog,1173.02002
2019-03-28,goog,1168.48999
2019-03-29,goog,1173.310059
2019-03-30,goog,NA
2019-03-31,goog,NA
2019-04-01,goog,1194.430054
2019-04-02,goog,1200.48999
2019-04-03,goog,1205.920044
2019-04-04,goog,1215
2019-04-05,goog,1207.150024
2019-04-06,goog,NA
2019-04-07,goog,NA
2019-04-08,goog,1203.839966
2019-04-09,goog,1197.25
2019-04-10,goog,1202.160034
2019-04-11,goog,1204.619995
2019-04-12,goog,1217.869995
2019-04-13,goog,NA
2019-04-14,goog,NA
2019-04-15,goog,1221.099976
2019-04-16,goog,1227.130005
2019-04-17,goog,1236.339966
2019-04-18,goog,1236.369995
2019-04-19,goog,NA
2019-04-20,goog,NA
2019-04-21,goog,NA
2019-04-22,goog,1248.839966
2019-04-23,goog,1264.550049
2019-04-24,goog,1256
2019-04-25,goog,1263.449951
2019-04-26,goog,1272.180054
2019-04-27,goog,NA
2019-04-28,goog,NA
2019-04-29,goog,1287.579956
2019-04-30,goog,1188.47998
2019-05-01,goog,1168.079956
2019-05-02,goog,1162.609985
2019-05-03,goog,1185.400024
2019-05-04,goog,NA
2019-05-05,goog,NA
2019-05-06,goog,1189.390015
2019-05-07,goog,1174.099976
2019-05-08,goog,1166.27002
2019-05-09,goog,1162.380005
2019-05-10,goog,1164.27002
2019-05-11,goog,NA
2019-05-12,goog,NA
2019-05-13,goog,1132.030029
2019-05-14,goog,1120.439941
2019-05-15,goog,1164.209961
2019-05-16,goog,1178.97998
2019-05-17,goog,1162.300049
2019-05-18,goog,NA
2019-05-19,goog,NA
2019-05-20,goog,1138.849976
2019-05-21,goog,1149.630005
2019-05-22,goog,1151.420044
2019-05-23,goog,1140.77002
2019-05-24,goog,1133.469971
2019-05-25,goog,NA
2019-05-26,goog,NA
